assay_type,canonical_smiles,molecule_chembl_id,standard_units,standard_value,target_organism,type
B,CC(C)(C)c1nc2c3ccc(F)cc3c3c(=O)[nH]ccc3c2[nH]1,CHEMBL21156,nM,690.0,Homo sapiens,IC50
B,CC(O)C(/N=C1/C=C(O)/C(=N\C(C(=O)O)C(C)O)C=C1O)C(=O)O,CHEMBL327725,nM,3000.0,Homo sapiens,IC50
B,O=C(Cc1ccc2ccccc2c1)Nc1cc(C2CC2)n[nH]1,CHEMBL115220,nM,10000.0,Homo sapiens,IC50
B,CC(C)OCc1ccc2c(c1)c1c3c(c4c(c1n2CCCO)Cc1ccccc1-4)C(=O)NC3,CHEMBL150894,nM,4.0,Homo sapiens,IC50
B,O=C(Nc1cccc(C(F)(F)F)c1)c1ccccc1NCc1ccncc1,CHEMBL153843,nM,18.0,Homo sapiens,IC50
B,COc1cc2c(Nc3ccc(Br)cc3F)ncnc2cc1OCC1CCN(C)CC1,CHEMBL24828,nM,233.0,Homo sapiens,IC50
B,Cc1cc(C)c(/C=C2\C(=O)Nc3ccccc32)[nH]1,CHEMBL276711,nM,50.0,Homo sapiens,IC50
B,Clc1ccc(Nc2nnc(Cc3ccncc3)c3ccccc23)cc1.O=C(O)CCC(=O)O,CHEMBL75232,nM,195.0,Homo sapiens,IC50
B,O=C(Nc1cccc(-c2cncc3ccccc23)c1)c1ccccc1NCc1ccncc1,CHEMBL347537,nM,52.0,Homo sapiens,IC50
B,Cc1cccc(NC(=O)Nc2ccc(-c3csc4ncnc(N)c34)cc2)c1,CHEMBL196363,nM,13.0,Homo sapiens,IC50
B,Cc1sc2ncnc(N)c2c1-c1ccc(NC(=O)Nc2cc(C(F)(F)F)ccc2F)cc1,CHEMBL381207,nM,87.0,Homo sapiens,IC50
B,N[C@H](COc1cncc(/C=C/c2ccncc2)c1)Cc1c[nH]c2ccccc12,CHEMBL383541,nM,50000.0,Homo sapiens,IC50
B,CN[C@@H]1C[C@H]2O[C@@](C)([C@@H]1OC)n1c3ccccc3c3c4c(c5c6ccccc6n2c5c31)C(=O)NC4,CHEMBL388978,nM,58.0,Homo sapiens,IC50
B,N[C@H](COc1cncc(-c2ccc3cnccc3c2)c1)Cc1c[nH]c2ccccc12,CHEMBL383264,nM,50000.0,Homo sapiens,IC50
B,c1cn(Cc2ccc3c(c2)-c2[nH]nc(-c4ccsc4)c2C3)cn1,CHEMBL212084,nM,169.0,Homo sapiens,IC50
B,CN1CCN(Cc2ccc3c(c2)-c2[nH]nc(-c4ccsc4)c2C3)CC1,CHEMBL213743,nM,1573.0,Homo sapiens,IC50
B,Cc1ccc(F)c(NC(=O)Nc2ccc(-c3nsc4ncnc(N)c34)cc2)c1,CHEMBL262433,nM,68.0,Homo sapiens,IC50
B,Nc1ncnc2snc(-c3ccc(NC(=O)Nc4cc(C(F)(F)F)ccc4F)cc3)c12,CHEMBL214258,nM,23.0,Homo sapiens,IC50
B,Nc1ncnc2snc(-c3ccc(NC(=O)Nc4cccc(C(F)(F)F)c4)cc3)c12,CHEMBL213504,nM,3.0,Homo sapiens,IC50
B,Cc1cccc(NC(=O)Nc2ccc(-c3nsc4ncnc(N)c34)cc2)c1,CHEMBL376951,nM,4.0,Homo sapiens,IC50
B,Clc1ccc2c(c1Nc1ncnc3cc(OCCCN4CCCC4)cc(OC4CCOCC4)c13)OCO2,CHEMBL217090,nM,10000.0,Homo sapiens,IC50
B,CN1CCN(CCOc2cc(OC3CCOCC3)c3c(Nc4c(Cl)ccc5c4OCO5)ncnc3c2)CC1,CHEMBL217092,nM,10000.0,Homo sapiens,IC50
B,CO[C@@H](C(=O)N1Cc2n[nH]c(NC(=O)c3ccc(N4CCN(C)CC4)cc3)c2C1)c1ccccc1,CHEMBL402548,nM,161.0,Homo sapiens,IC50
B,COc1cc(C2=C(c3c[nH]c4ccccc34)C(=O)NC2=O)cc(OC)c1OC,CHEMBL201511,nM,5.0,Homo sapiens,IC50
B,Cc1ccc(F)c(NC(=O)Nc2ccc(-c3cccc4[nH]nc(N)c34)cc2)c1,CHEMBL223360,nM,190.0,Homo sapiens,IC50
B,CN1CCN(Cc2ccc3c(c2)Cc2c(-c4csc(C#CCOc5ccccc5)c4)n[nH]c2-3)CC1,CHEMBL390156,nM,3.0,Homo sapiens,IC50
B,COCCOCC#Cc1cc(-c2n[nH]c3c2Cc2ccc(Cn4cncn4)cc2-3)cs1,CHEMBL223971,nM,4.0,Homo sapiens,IC50
B,O=C(NCCCN1CCCC1=O)c1cnccc1Nc1nc(-c2cc(Br)ccc2F)nc2nccnc12,CHEMBL234655,nM,123.0,Homo sapiens,IC50
B,CCOc1cccc2c1c(/C=C1\C(=O)NN=C1c1snnc1C)cn2C,CHEMBL398610,nM,16.0,Homo sapiens,IC50
B,CC(C)(C)c1ccc(-n2ncc3c2-c2ccccc2NC(=O)C3)cc1,CHEMBL398877,nM,10000.0,Homo sapiens,IC50
B,CO/N=C(\C)c1ccc2c(c1)c1c3c(c4c(c1n2CC(C)C)CCc1nn(C)cc1-4)C(=O)NC3,CHEMBL258015,nM,10.0,Homo sapiens,IC50
B,COc1cc2nccc(Oc3ccc4c(C(=O)Nc5ccc(Cl)cc5)cccc4c3)c2cc1OC,CHEMBL429743,nM,2.0,Homo sapiens,IC50
B,CCCNC(=O)Nc1ccc(Oc2ncnc3cc(OC)c(OC)cc23)cc1Cl,CHEMBL406381,nM,125.0,Homo sapiens,IC50
B,Cc1cccc(C)c1/C=C/n1cnc2c(Nc3ccc(P(C)(C)=O)cc3)ncnc21,CHEMBL488840,nM,151.0,Homo sapiens,IC50
B,Cc1cccc(C)c1/C=C/n1cnc2c(Nc3ccc(P(C)(C)=O)cc3)ncnc21,CHEMBL488840,nM,1000.0,Homo sapiens,IC50
B,CS(=O)(=O)O.O=C(Nc1cccc(Cl)c1)Nc1ncc(CCN=c2[nH]cnc3ccsc23)s1,CHEMBL518051,nM,14.0,Homo sapiens,IC50
B,CN1CCN(c2ccc3nc(-c4c(N)c5c(F)cccc5[nH]c4=O)[nH]c3c2)CC1,CHEMBL522892,nM,3.0,Homo sapiens,IC50
B,Nc1nccc(-c2cc3c([nH]2)[C@@H](CCF)CNC3=O)n1,CHEMBL524266,nM,4000.0,Homo sapiens,IC50
B,O=C(Nc1c[nH]nc1-c1nc2ccc(CN3CCOCC3)cc2[nH]1)NC1CC1,CHEMBL495727,nM,1.0,Homo sapiens,IC50
B,c1cc(Nc2ncnc3[nH]ccc23)cc(-c2nc3ccccc3s2)c1,CHEMBL490555,nM,10000.0,Homo sapiens,IC50
B,Fc1cc(-c2nc3ccccc3s2)ccc1Nc1ncnc2ccsc12,CHEMBL474347,nM,10000.0,Homo sapiens,IC50
B,Clc1cc(Nc2ncnc3ccsc23)ccc1-c1nc2ccccc2s1,CHEMBL474346,nM,10000.0,Homo sapiens,IC50
B,COc1cc(Nc2ncnc3ccsc23)ccc1-c1nc2ccccc2s1,CHEMBL514929,nM,10000.0,Homo sapiens,IC50
B,c1ccc2sc(-c3ccc(Nc4ncnc5ccsc45)cc3)nc2c1,CHEMBL472946,nM,10000.0,Homo sapiens,IC50
B,COc1nc(Nc2ccc(-c3nc4ccccc4s3)cc2)c2cc[nH]c2n1,CHEMBL462338,nM,10000.0,Homo sapiens,IC50
B,COc1cc(Nc2ncnc3[nH]ccc23)ccc1-c1nc2ccccc2s1,CHEMBL462162,nM,10000.0,Homo sapiens,IC50
B,COc1cc(Nc2nccc(Nc3cc(C)[nH]n3)n2)ccc1-c1nc2ccccc2s1,CHEMBL461110,nM,10000.0,Homo sapiens,IC50
B,CNc1ccnc(Nc2ccc(-c3nc4ccccc4s3)cc2)n1,CHEMBL462160,nM,10000.0,Homo sapiens,IC50
B,CNC(=O)c1cc(Nc2ccc(-c3nc4ccccc4s3)cc2)ccn1,CHEMBL464210,nM,10000.0,Homo sapiens,IC50
B,COc1nc(Nc2ccc(-c3nc4ccccc4s3)c(OC)c2)c2cc[nH]c2n1,CHEMBL475351,nM,7700.0,Homo sapiens,IC50
B,CNc1nccc(Nc2ccc(-c3nc4ccccc4s3)cc2)n1,CHEMBL512933,nM,6900.0,Homo sapiens,IC50
B,Cc1cc(Nc2cc(Nc3ccc(-c4nc5ccccc5s4)cc3)ccn2)n[nH]1,CHEMBL461991,nM,6500.0,Homo sapiens,IC50
B,CNc1cc(Nc2ccc(-c3nc4ccccc4s3)cc2)ccn1,CHEMBL464014,nM,6000.0,Homo sapiens,IC50
B,CN1CCN(c2ccnc(Nc3ccc(-c4nc5ccccc5s4)cc3)n2)CC1,CHEMBL459886,nM,5200.0,Homo sapiens,IC50
B,COc1cc(Nc2ncnc3[nH]cnc23)ccc1-c1nc2ccccc2s1,CHEMBL475352,nM,3400.0,Homo sapiens,IC50
B,Cc1cc(Nc2ccnc(Nc3cccc(-c4nc5ccccc5s4)c3)n2)n[nH]1,CHEMBL491686,nM,2500.0,Homo sapiens,IC50
B,COc1cc2ncnc(Nc3ccc(F)c(Cl)c3)c2cc1OC,CHEMBL301018,nM,2400.0,Homo sapiens,IC50
B,c1ccc2sc(-c3ccc(Nc4ncnc5[nH]ccc45)cc3)nc2c1,CHEMBL518803,nM,2100.0,Homo sapiens,IC50
B,COc1cc2nc(Nc3cc(C)[nH]n3)nc(Nc3cccc(-c4nc5ccccc5s4)c3)c2cc1OC,CHEMBL522785,nM,1600.0,Homo sapiens,IC50
B,O=C(NC(=S)Nc1ccc(O)c(-c2nc3ccccc3s2)c1)c1ccc([N+](=O)[O-])cc1,CHEMBL460746,nM,1000.0,Homo sapiens,IC50
B,COC(=O)c1ccc2c(c1)NC(=O)/C2=C(\Nc1ccc(CN(C)C(=O)N(C)C)cc1)c1ccccc1,CHEMBL525203,nM,10.0,Homo sapiens,IC50
B,COC(=O)c1ccc2c(c1)NC(=O)/C2=C(\Nc1ccc(N(C)C(=O)CN2CCN(C)CC2)cc1)c1ccccc1,CHEMBL502835,nM,5.0,Homo sapiens,IC50
B,COC(=O)c1ccc2c(c1)NC(=O)/C2=C(\Nc1ccc(CN2CCCCC2)cc1)c1ccccc1,CHEMBL497049,nM,32.0,Homo sapiens,IC50
B,COC(=O)c1ccc2c(c1)NC(=O)/C2=C(\Nc1ccc(N(C)C(=O)Cn2ccnc2)cc1)c1ccccc1,CHEMBL524453,nM,7.0,Homo sapiens,IC50
B,COC(=O)c1ccc2c(c1)NC(=O)/C2=C(\Nc1ccc(N(CC(=O)N(C)C)C(C)=O)cc1)c1ccccc1,CHEMBL498088,nM,6.0,Homo sapiens,IC50
B,COC(=O)c1ccc2c(c1)NC(=O)/C2=C(\Nc1ccc(N(CCCN(C)C)C(C)=O)cc1)c1ccccc1,CHEMBL525909,nM,3.0,Homo sapiens,IC50
B,COC(=O)c1ccc2c(c1)NC(=O)/C2=C(\Nc1ccc(N(CCN(C)C)C(C)=O)cc1)c1ccccc1,CHEMBL498265,nM,5.0,Homo sapiens,IC50
B,COC(=O)c1ccc2c(c1)NC(=O)/C2=C(\Nc1ccc(N(CCN(C)C)S(C)(=O)=O)cc1)c1ccccc1,CHEMBL498266,nM,10.0,Homo sapiens,IC50
B,COC(=O)c1ccc2c(c1)NC(=O)/C2=C(\Nc1ccc(C(=O)N(C)CCN(C)C)cc1)c1ccccc1,CHEMBL525550,nM,59.0,Homo sapiens,IC50
B,COC(=O)c1ccc2c(c1)NC(=O)/C2=C(\Nc1ccc(CN(C)C)cc1)c1ccccc1,CHEMBL498105,nM,73.0,Homo sapiens,IC50
B,COC(=O)c1ccc2c(c1)NC(=O)/C2=C(\Nc1ccc(NC(=O)CN2CCN(C)CC2)cc1)c1ccccc1,CHEMBL465015,nM,24.0,Homo sapiens,IC50
B,COc1ncnc2c1ncn2CC(=O)c1ccccc1,CHEMBL519976,nM,45000.0,Homo sapiens,IC50
B,COc1cc2c(Oc3ccc(-c4cnc(Cc5ccccc5)n(C)c4=O)cc3F)ccnc2cc1OCCCN1CCOCC1,CHEMBL505896,nM,120.0,Homo sapiens,IC50
B,COc1cc2c(Oc3ccc(-c4cnc(Nc5ccc(F)cc5)n(C)c4=O)cc3F)ccnc2cc1OCCCN1CCOCC1,CHEMBL453737,nM,5.0,Homo sapiens,IC50
B,CC(C)Oc1ccc2c(c1)CCc1c-2c2c(c3c4ccccc4n(CCO)c13)CNC2=O,CHEMBL460990,nM,2459.0,Homo sapiens,IC50
B,COc1ccc2c(c1)CCc1c-2c2c(c3c4ccccc4n(CCO)c13)CNC2=O,CHEMBL460989,nM,10000.0,Homo sapiens,IC50
B,CCSCc1ccc2c(c1)c1c3c(c4c5cc(CSCC)ccc5n5c4c1n2[C@H]1C[C@](O)(C(=O)OC)[C@]5(C)O1)CNC3=O,CHEMBL290352,nM,39.0,Homo sapiens,IC50
B,Cc1cc(O)cc2oc(=O)c3c(O)cc(O)cc3c12,CHEMBL519982,ug.mL-1,1.3,Homo sapiens,IC50
B,O=C1C[C@H](O)[C@@H]2c3c(ccc(O)c31)-c1ccc(O)c3c1[C@@]2(O)CCC3=O,CHEMBL521470,ug.mL-1,2.8,Homo sapiens,IC50
B,COc1cc(O)c(C(=O)O)c(C2=C(C)C[C@@H](O)C2=O)c1,CHEMBL519395,ug.mL-1,3.7,Homo sapiens,IC50
B,COc1cc(O)c2c(c1)C1(OC2=O)C(C)=CC(=O)C1O,CHEMBL408995,ug.mL-1,10.0,Homo sapiens,IC50
B,COc1cc(O)c2c(c1)-c1cc(O)c(O)cc1COC2=O,CHEMBL507058,ug.mL-1,10.0,Homo sapiens,IC50
B,Cc1cc(O)c(O)cc1-c1cc(O)cc(O)c1C(=O)O,CHEMBL483532,ug.mL-1,6.8,Homo sapiens,IC50
B,COc1cc(O)c(C(=O)O)c(-c2cc(O)c(O)cc2C)c1,CHEMBL483531,ug.mL-1,10.0,Homo sapiens,IC50
B,COc1cc(O)c2c(=O)oc3cc(O)cc(C)c3c2c1,CHEMBL483526,ug.mL-1,0.96,Homo sapiens,IC50
B,Cc1cc(O)cc2oc(=O)c3c(O)cc(OS(=O)(=O)O)cc3c12,CHEMBL483525,ug.mL-1,1.7,Homo sapiens,IC50
B,COc1cc(O)c2c(=O)oc3c(O)c(O)cc(C)c3c2c1,CHEMBL520144,ug.mL-1,0.39,Homo sapiens,IC50
B,COc1ccc(C2=C(c3cn(C)c4ccccc34)C(=O)NC2)cc1,CHEMBL507056,nM,18000.0,Homo sapiens,IC50
B,COc1ccc(C2=C(c3c[nH]c4ccccc34)C(=O)NC2)cc1,CHEMBL452812,nM,8700.0,Homo sapiens,IC50
B,COc1cc(C2=C(c3cn(C)c4ccccc34)C(=O)NC2)cc(OC)c1OC,CHEMBL509435,nM,11000.0,Homo sapiens,IC50
B,COc1cc(C2=C(c3cn(CC(O)CO)c4ccccc34)CNC2=O)cc(OC)c1OC,CHEMBL453593,nM,2500.0,Homo sapiens,IC50
B,COc1cc(C2=C(c3cn(CC4COC(C)(C)O4)c4ccccc34)CNC2=O)cc(OC)c1OC,CHEMBL509635,nM,3200.0,Homo sapiens,IC50
B,COc1cc(C2=C(c3cn(COCc4ccccc4)c4ccccc34)CNC2=O)cc(OC)c1OC,CHEMBL453336,nM,1700.0,Homo sapiens,IC50
B,COc1cc(C2=C(c3cn(COc4ccccc4)c4ccccc34)CNC2=O)cc(OC)c1OC,CHEMBL488811,nM,2500.0,Homo sapiens,IC50
B,COc1cc(C2=C(c3cn(COC(C)(C)C)c4ccccc34)CNC2=O)cc(OC)c1OC,CHEMBL488646,nM,4800.0,Homo sapiens,IC50
B,COc1cc(C2=C(c3cn(COC(C)C)c4ccccc34)CNC2=O)cc(OC)c1OC,CHEMBL488645,nM,5300.0,Homo sapiens,IC50
B,CCOCn1cc(C2=C(c3cc(OC)c(OC)c(OC)c3)C(=O)NC2)c2ccccc21,CHEMBL529217,nM,3600.0,Homo sapiens,IC50
B,COCn1cc(C2=C(c3cc(OC)c(OC)c(OC)c3)C(=O)NC2)c2ccccc21,CHEMBL519590,nM,3200.0,Homo sapiens,IC50
B,COc1cc(C2=C(c3cn(COCC[Si](C)(C)C)c4ccccc34)CNC2=O)cc(OC)c1OC,CHEMBL486437,nM,5600.0,Homo sapiens,IC50
B,COc1cc(C2=C(c3c[nH]c4ccccc34)C(O)NC2=O)cc(OC)c1OC,CHEMBL505253,nM,3400.0,Homo sapiens,IC50
B,COc1cc(C2=C(c3c[nH]c4ccccc34)C(=O)NC2)cc(OC)c1OC,CHEMBL521201,nM,9400.0,Homo sapiens,IC50
B,COc1cc(C2=C(c3c[nH]c4ccccc34)CNC2=O)cc(OC)c1OC,CHEMBL529663,nM,37.0,Homo sapiens,IC50
B,COc1cc2ncn(-c3cc(OCc4ccccc4C(F)(F)F)c(C(N)=O)s3)c2cc1OC,CHEMBL514499,nM,92.0,Homo sapiens,IC50
B,CN[C@@H]1C[C@H]2O[C@@](C)([C@@H]1OC)n1c3ccccc3c3c4c(c5c6ccccc6n2c5c31)C(=O)NC4,CHEMBL388978,nM,1.9,Homo sapiens,IC50
B,Cc1ccc(Nc2nccc(N(C)c3ccc4c(C)n(C)nc4c3)n2)cc1S(N)(=O)=O,CHEMBL477772,nM,47.0,Homo sapiens,IC50
B,N=C(Nc1ccccc1)SCCCN1C(=O)C2=C(C1=O)n1ccc3cccc(c31)C1Cc3ccccc3N21,CHEMBL487254,nM,9600.0,Homo sapiens,IC50
B,N=C(N)SCCCn1c(=O)c2c(c1=O)n1c3ccccc3cc1c1cccc3ccn2c31,CHEMBL489083,nM,4700.0,Homo sapiens,IC50
B,CNC(=O)c1nn(C)c2c1C(C)(C)Cc1cnc(Nc3ccc(N4CCN(C)CC4)cc3)nc1-2,CHEMBL564829,nM,920.0,Homo sapiens,IC50
B,COc1cc(O)c2c(c1)C(=O)c1cc(C)c(O)cc1C2=O,CHEMBL463054,ug.mL-1,10.0,Homo sapiens,IC50
B,COc1cc(O)c2c(c1)C(=O)C1=C(C2=O)[C@H](O)[C@@H](O)[C@@](C)(O)[C@@H]1O,CHEMBL512054,ug.mL-1,9.9,Homo sapiens,IC50
B,COc1cc2c(c(O)c1-c1c(OC)cc(O)c3c1C(=O)C1=C(C3=O)[C@H](O)[C@@H](O)[C@@](C)(O)[C@@H]1O)C(=O)c1cc(O)c(C)cc1C2=O,CHEMBL554993,ug.mL-1,4.0,Homo sapiens,IC50
B,COc1cc(O)c2c(c1)C(=O)c1cc(C)c(O)c(O)c1C2=O,CHEMBL556684,ug.mL-1,2.7,Homo sapiens,IC50
B,C=CC(=O)N1CCC[C@H]1C(=O)Nc1cc2c(Nc3cccc(Cl)c3F)ncnc2cc1OCCOC,CHEMBL571040,nM,2700.0,Homo sapiens,IC50
B,C=CC(=O)N1CCC[C@H]1C(=O)Nc1cc2c(Nc3ccc(F)c(Cl)c3F)ncnc2cc1OCCOC,CHEMBL569880,nM,4500.0,Homo sapiens,IC50
B,CN1CCN(c2nc(C3=C(c4c[nH]c5ccccc45)C(=O)NC3=O)c3ccccc3n2)CC1,CHEMBL565612,nM,4600.0,Homo sapiens,IC50
B,COc1cc2c(Nc3ccc(-c4nc5ccccc5s4)cc3)ncnc2cc1OCCCN1CCN(C)CC1,CHEMBL595615,nM,69.0,Homo sapiens,IC50
B,COc1cc2c(Nc3ccc(-c4nc5ccccc5s4)cc3C)ncnc2cc1OCCCN1CCN(C)CC1,CHEMBL595406,nM,340.0,Homo sapiens,IC50
B,COc1cc2c(Nc3ccc(-c4nc5ccccc5s4)cc3O)ncnc2cc1OCCCN1CCN(C)CC1,CHEMBL595142,nM,4500.0,Homo sapiens,IC50
B,COc1cc(-c2nc3ccccc3s2)ccc1Nc1ncnc2cc(OCCCN3CCN(C)CC3)c(OC)cc12,CHEMBL593221,nM,1700.0,Homo sapiens,IC50
B,COc1cc2c(Nc3ccc(-c4nc5ccccc5s4)cc3OC(F)(F)F)ncnc2cc1OCCCN1CCN(C)CC1,CHEMBL593245,nM,10000.0,Homo sapiens,IC50
B,COc1cc2c(Nc3ccc(-c4nc5ccccc5s4)cc3F)ncnc2cc1OCCCN1CCN(C)CC1,CHEMBL594228,nM,350.0,Homo sapiens,IC50
B,COc1cc2c(Nc3ccc(-c4nc5ccccc5s4)c(C)c3)ncnc2cc1OCCCN1CCN(C)CC1,CHEMBL596087,nM,1500.0,Homo sapiens,IC50
B,COc1cc2c(Nc3ccc(-c4nc5ccccc5s4)c(O)c3)ncnc2cc1OCCCN1CCN(C)CC1,CHEMBL606466,nM,520.0,Homo sapiens,IC50
B,COc1cc2c(Nc3ccc(-c4nc5ccccc5s4)c(OC)c3)ncnc2cc1OCCCN1CCN(C)CC1,CHEMBL593860,nM,7100.0,Homo sapiens,IC50
B,COc1cc2c(Nc3ccc(-c4nc5ccccc5s4)c(F)c3)ncnc2cc1OCCCN1CCN(C)CC1,CHEMBL593987,nM,210.0,Homo sapiens,IC50
B,COc1cc2c(Nc3ccc(-c4nc5ccccc5s4)c(Cl)c3)ncnc2cc1OCCCN1CCN(C)CC1,CHEMBL593274,nM,470.0,Homo sapiens,IC50
B,COc1ccc2nc(-c3ccc(Nc4ncnc5cc(OCCCN6CCN(C)CC6)c(OC)cc45)cc3)sc2c1,CHEMBL593306,nM,1900.0,Homo sapiens,IC50
B,COc1cc2c(Nc3ccc(-c4nc5ccc(F)cc5s4)cc3)ncnc2cc1OCCCN1CCN(C)CC1,CHEMBL604992,nM,865.0,Homo sapiens,IC50
B,COc1cc2c(Nc3ccc(-c4nc5ccc(Cl)cc5s4)cc3)ncnc2cc1OCCCN1CCN(C)CC1,CHEMBL593275,nM,9300.0,Homo sapiens,IC50
B,COc1cc2c(Nc3ccc(-c4nc5cc(Cl)ccc5s4)cc3)ncnc2cc1OCCCN1CCN(C)CC1,CHEMBL596292,nM,1300.0,Homo sapiens,IC50
B,COc1cc2c(Nc3ccc(-c4nc5cc(C(F)(F)F)ccc5s4)cc3)ncnc2cc1OCCCN1CCN(C)CC1,CHEMBL593908,nM,10000.0,Homo sapiens,IC50
B,COc1cc2c(Nc3ccc(-c4nc5ccc(Cl)cc5s4)cc3F)ncnc2cc1OCCCN1CCN(C)CC1,CHEMBL593909,nM,3000.0,Homo sapiens,IC50
B,COc1cc2c(N(C)c3ccc(-c4nc5ccccc5s4)c(OC)c3)ncnc2cc1OCCCN1CCN(C)CC1,CHEMBL593770,nM,10000.0,Homo sapiens,IC50
B,COc1cc2c(Oc3ccc(-c4nc5ccccc5s4)cc3F)ncnc2cc1OCCCN1CCN(C)CC1,CHEMBL604483,nM,190.0,Homo sapiens,IC50
B,COc1cc2c(Oc3ccc(-c4nc5ccccc5s4)cc3)ncnc2cc1OCCCN1CCN(C)CC1,CHEMBL595143,nM,121.0,Homo sapiens,IC50
B,COc1cc2c(Oc3ccc(-c4nc5ccccc5s4)cc3)ncnc2cc1OCCCN1CCCC1,CHEMBL595373,nM,140.0,Homo sapiens,IC50
B,NCCn1cc(-c2cc(-c3cc4ccccc4s3)c3[nH]ncc3c2)c2nc(N)ncc21,CHEMBL590109,nM,5800.0,Homo sapiens,IC50
B,COc1cc(C2=C(c3c[nH]c4ccc(I)cc34)C(=O)NC2=O)cc(OC)c1OC,CHEMBL597492,nM,29.51,Homo sapiens,IC50
B,COc1cc(C2=C(c3c[nH]c4ccc(Br)cc34)C(=O)NC2=O)cc(OC)c1OC,CHEMBL605957,nM,21.0,Homo sapiens,IC50
B,COc1cc(C2=C(c3c[nH]c4ccccc34)C(=O)NC2=O)cc(OC)c1OC,CHEMBL201511,nM,22.0,Homo sapiens,IC50
B,COc1cc(C2=C(c3c[nH]c4ccc(F)cc34)C(=O)NC2=O)cc(OC)c1OC,CHEMBL606168,nM,66.0,Homo sapiens,IC50
B,CC(=O)N1CCC(Nc2ncc3c(n2)-c2c(c(C(N)=O)nn2C)CC3)CC1,CHEMBL599224,nM,10000.0,Homo sapiens,IC50
B,Cn1nc(C(N)=O)c2c1-c1nc(NC3CCN(C(=O)c4ccccc4)CC3)ncc1CC2,CHEMBL599428,nM,10000.0,Homo sapiens,IC50
B,CNC(=O)c1nn(C)c2c1CCc1cnc(NC3CCN(C(=O)C4CCN(S(C)(=O)=O)CC4)CC3)nc1-2,CHEMBL597754,nM,10000.0,Homo sapiens,IC50
B,CC(C)CC(=O)Nc1n[nH]c2c1CN(C(=O)C1CCN(C)CC1)C2(C)C,CHEMBL1230607,nM,10000.0,Homo sapiens,IC50
B,CC(C)(C)C(=O)N1Cc2c(NC(=O)c3cc(F)cc(F)c3)n[nH]c2C1(C)C,CHEMBL604712,nM,10000.0,Homo sapiens,IC50
B,O=C(Nc1cccc(-c2cn3ccnc3c(NCc3ccncc3)n2)c1)Nc1cccc(C(F)(F)F)c1,CHEMBL1081198,nM,71.0,Homo sapiens,IC50
B,O=C(Cc1ccccc1)Nc1cccc(-c2nc3sccn3c2-c2ccnc(Nc3cccc(N4CCOCC4)c3)n2)c1,CHEMBL1090360,nM,65.0,Homo sapiens,IC50
B,Cl.NCCc1cn(CCCCCc2ccccc2)c2ccc(OCCc3ccc(O)cc3)cc12,CHEMBL1098119,nM,2680.0,Homo sapiens,IC50
B,Cl.NC1CCc2c(c3cc(OCCc4ccc(O)cc4)ccc3n2CCCCCc2ccccc2)C1,CHEMBL1098120,nM,2170.0,Homo sapiens,IC50
B,Cl.NCCc1c[nH]c2ccc(O)cc12,CHEMBL535832,nM,50000.0,Homo sapiens,IC50
B,COc1ccc(CCCCCn2cc(CCN)c3cc(OCCc4ccc(O)cc4)ccc32)cc1.Cl,CHEMBL1098121,nM,2050.0,Homo sapiens,IC50
B,CSc1ccc(CCCCCn2cc(CCN)c3cc(OCCc4ccc(O)cc4)ccc32)cc1.Cl,CHEMBL1094194,nM,2530.0,Homo sapiens,IC50
B,Cl.NCCc1cn(Cc2ccc(-c3cccc(C(F)(F)F)c3)cc2)c2ccc(OCCc3ccc(O)cc3)cc12,CHEMBL1094195,nM,3010.0,Homo sapiens,IC50
B,COc1ccc(-c2ccc(Cn3cc(CCN)c4cc(OCCc5ccc(O)cc5)ccc43)cc2)cc1.Cl,CHEMBL1094196,nM,960.0,Homo sapiens,IC50
B,Cl.NCCc1cn(Cc2ccc(-c3ccccc3)cc2)c2ccc(OCCc3ccc(O)cc3)cc12,CHEMBL1095154,nM,4070.0,Homo sapiens,IC50
B,Cl.NCCc1c[nH]c2ccc(OCCc3ccc(O)cc3)cc12,CHEMBL1095957,nM,2640.0,Homo sapiens,IC50
B,CSc1ccc(CCCCCn2cc(CCNC(=O)OC(C)(C)C)c3cc(OCCc4ccc(O)cc4)ccc32)cc1,CHEMBL1099339,nM,50000.0,Homo sapiens,IC50
B,COc1ccc(CCOc2ccc3c(c2)c(CCN)cn3CCCCCc2ccc(SC)cc2)cc1.Cl,CHEMBL1094835,nM,1310.0,Homo sapiens,IC50
B,CN(C)c1ccc(CCCCCn2c3c(c4cc(OCCc5ccc(O)cc5)ccc42)CC(N)CC3)cc1.Cl.Cl,CHEMBL3216254,nM,1660.0,Homo sapiens,IC50
B,COc1ccc(CCCCCn2c3c(c4cc(OCCc5ccc(O)cc5)ccc42)CC(N)CC3)cc1.Cl,CHEMBL1094492,nM,1810.0,Homo sapiens,IC50
B,Cl.NC1CCc2c(c3cc(OCCc4ccc(O)cc4)ccc3n2CCCCCc2ccc(C(F)(F)F)cc2)C1,CHEMBL1094825,nM,2270.0,Homo sapiens,IC50
B,Cl.Cl.NC1CCc2c(c3cc(OCCc4ccc(O)cc4)ccc3n2CCCCCc2ccccn2)C1,CHEMBL3216699,nM,2220.0,Homo sapiens,IC50
B,Cl.NC1CCc2c(c3cc(OCCc4ccc(O)cc4)ccc3n2CCCc2ccccc2)C1,CHEMBL1097189,nM,2850.0,Homo sapiens,IC50
B,Cl.NC1CCc2[nH]c3ccc(OCCc4ccc(O)cc4)cc3c2C1,CHEMBL1097190,nM,34570.0,Homo sapiens,IC50
B,COCCc1ccc(O)cc1,CHEMBL1094369,nM,50000.0,Homo sapiens,IC50
B,Cl.NC1CCc2c(c3cc(OCCc4ccc(O)cc4)ccc3n2CCCCCc2ccccc2)C1,CHEMBL1098120,nM,2110.0,Homo sapiens,IC50
B,Cl.NCCc1cn(Cc2ccc(-c3cccc(C(F)(F)F)c3)cc2)c2ccc(OCCc3ccc(O)cc3)cc12,CHEMBL1094195,nM,2980.0,Homo sapiens,IC50
B,Cl.NC1CCc2c(c3cc(OCCc4ccc(O)cc4)ccc3n2CCCCCc2ccccc2)C1,CHEMBL1098120,nM,2190.0,Homo sapiens,IC50
B,Cl.NCCc1cn(Cc2ccc(-c3cccc(C(F)(F)F)c3)cc2)c2ccc(OCCc3ccc(O)cc3)cc12,CHEMBL1094195,nM,3080.0,Homo sapiens,IC50
B,COc1ccc(N2CCN(C)CC2)cc1Nc1ncc2c(n1)-c1c(c(C(N)=O)nn1C)CC2,CHEMBL1094408,nM,587.0,Homo sapiens,IC50
B,CCn1cc(-c2ccnc3[nH]c(-c4cccc(CN(C)C)c4)cc23)c(-c2ccc(NC(=O)N(C)C)cc2)n1,CHEMBL1090479,nM,74.0,Homo sapiens,IC50
B,CCCCn1c2ccc(C3CCCCO3)cc2c2c3c(c4c(c21)CCc1nn(C)cc1-4)C(=O)NC3,CHEMBL1082829,nM,5.0,Homo sapiens,IC50
B,CC(C)Cn1c2ccc(C3CCCCO3)cc2c2c3c(c4c(c21)CCc1nn(C)cc1-4)C(=O)NC3,CHEMBL1084337,nM,9.0,Homo sapiens,IC50
B,Cc1cccc(-c2[nH]c(Cc3cccc(C(N)=O)c3)nc2-c2ccc3ncccc3c2)n1,CHEMBL1164957,nM,940.0,Homo sapiens,IC50
B,CCN(CC)CCNC(=O)c1c(C)[nH]c(/C=C2\C(=O)Nc3ccc(F)cc32)c1C,CHEMBL535,nM,8.9,Homo sapiens,IC50
B,COc1ccc(NC(=O)Nc2ccc3c(c2)NC(=O)/C3=C\c2[nH]cc(C(=O)O)c2C)cc1,CHEMBL1173411,nM,0.8,Homo sapiens,IC50
B,O=C(Nc1ccccc1)Nc1ccc2c(c1)NC(=O)/C2=C\c1ccc[nH]1,CHEMBL1173482,nM,22.4,Homo sapiens,IC50
B,COc1ccc(NC(=O)Nc2ccc3c(c2)NC(=O)/C3=C\c2ccc[nH]2)cc1,CHEMBL1173149,nM,12.8,Homo sapiens,IC50
B,COc1ccc(NC(=O)Nc2ccc3c(c2)NC(=O)/C3=C\c2ccc[nH]2)cc1OC,CHEMBL1172814,nM,92.0,Homo sapiens,IC50
B,Cc1ccc(NC(=O)Nc2ccc3c(c2)NC(=O)/C3=C\c2ccc[nH]2)cc1,CHEMBL1172815,nM,146.8,Homo sapiens,IC50
B,O=C(Nc1ccc(Cl)cc1)Nc1ccc2c(c1)NC(=O)/C2=C\c1ccc[nH]1,CHEMBL1172886,nM,8.7,Homo sapiens,IC50
B,O=C(Nc1ccc(Oc2ccccc2)cc1)Nc1ccc2c(c1)NC(=O)/C2=C\c1ccc[nH]1,CHEMBL1172887,nM,68.0,Homo sapiens,IC50
B,O=C(Nc1ccc(-c2ccccc2)cc1)Nc1ccc2c(c1)NC(=O)/C2=C\c1ccc[nH]1,CHEMBL1172837,nM,88.0,Homo sapiens,IC50
B,O=C(Nc1ccc(-c2ccc3ccccc3c2)cc1)Nc1ccc2c(c1)NC(=O)/C2=C\c1ccc[nH]1,CHEMBL1172838,nM,13.0,Homo sapiens,IC50
B,Cc1[nH]c(/C=C2\C(=O)Nc3cc(NC(=O)Nc4ccccc4)ccc32)c(C)c1C(=O)O,CHEMBL1173107,nM,5.8,Homo sapiens,IC50
B,COc1ccc(NC(=O)Nc2ccc3c(c2)NC(=O)/C3=C\c2[nH]c(C)c(C(=O)O)c2C)cc1,CHEMBL1173174,nM,32.9,Homo sapiens,IC50
B,Cc1ccc(NC(=O)Nc2ccc3c(c2)NC(=O)/C3=C\c2[nH]c(C)c(C(=O)O)c2C)cc1,CHEMBL1172420,nM,39.0,Homo sapiens,IC50
B,Cc1[nH]c(/C=C2\C(=O)Nc3cc(NC(=O)Nc4ccc(Cl)cc4)ccc32)c(C)c1C(=O)O,CHEMBL1172421,nM,42.0,Homo sapiens,IC50
B,Cc1[nH]c(/C=C2\C(=O)Nc3cc(NC(=O)Nc4ccccc4)ccc32)c(C)c1CC(=O)O,CHEMBL1172422,nM,34.0,Homo sapiens,IC50
B,COc1ccc(NC(=O)Nc2ccc3c(c2)NC(=O)/C3=C\c2[nH]c(C)c(CC(=O)O)c2C)cc1,CHEMBL1173150,nM,11.0,Homo sapiens,IC50
B,COc1ccc(NC(=O)Nc2ccc3c(c2)NC(=O)/C3=C\c2[nH]c(C)c(CCC(=O)O)c2C)cc1,CHEMBL1173541,nM,13.0,Homo sapiens,IC50
B,Cc1cc(C(=O)O)[nH]c1/C=C1\C(=O)Nc2cc(NC(=O)Nc3ccccc3)ccc21,CHEMBL1173542,nM,1000.0,Homo sapiens,IC50
B,Cc1cc(C(=O)O)[nH]c1/C=C1\C(=O)Nc2cc(NC(=O)Nc3ccc(Cl)cc3)ccc21,CHEMBL1173243,nM,1000.0,Homo sapiens,IC50
B,COc1ccc(NC(=O)Nc2ccc3c(c2)NC(=O)/C3=C\c2ccc(C(=O)O)[nH]2)cc1,CHEMBL1173244,nM,1000.0,Homo sapiens,IC50
B,COc1ccc(NC(=O)Nc2ccc3c(c2)NC(=O)/C3=C\c2[nH]ccc2-c2ccc(C(=O)O)s2)cc1,CHEMBL1172410,nM,1000.0,Homo sapiens,IC50
B,CNC(=O)c1cc(Oc2ccc(NC(=O)Nc3ccc(Cl)c(C(F)(F)F)c3)cc2)ccn1,CHEMBL1336,nM,3.0,Homo sapiens,IC50
B,O=C1NCCc2[nH]c(-c3ccncc3)cc21,CHEMBL225519,nM,10000.0,Homo sapiens,IC50
B,COC(=O)c1ccc2c(c1)NC(=O)/C2=C(\Nc1ccc(N(C)C(=O)CN2CCN(C)CC2)cc1)c1ccccc1,CHEMBL502835,nM,13.0,Homo sapiens,IC50
B,O=C(Nc1n[nH]c2cc(C(=O)N[C@H](CN3CCCC3)c3ccccc3)sc12)c1ccc(N2CCOCC2)cc1,CHEMBL1258913,nM,19.0,Homo sapiens,IC50
B,NC(=O)c1cc(-c2ccnc(N)n2)[nH]c1-c1ccccc1,CHEMBL1270230,nM,10000.0,Homo sapiens,IC50
B,COc1cc(O)c2c(c1)/C=C/C[C@@H](O)[C@H](O)C(=O)/C=C\C[C@H](C)OC2=O,CHEMBL1668411,nM,0.5,Homo sapiens,IC50
B,COc1cc(O)c2c(c1)/C=C/CCCC(=O)C[C@H](Cl)C[C@H](C)OC2=O,CHEMBL1668412,nM,100000.0,Homo sapiens,IC50
B,COc1cc(O)c2c(c1)CCCCCC(=O)C[C@H](Cl)C[C@H](C)OC2=O,CHEMBL1668413,nM,17000.0,Homo sapiens,IC50
B,COc1cc(O)c2c(c1)/C=C/CCCC(=O)C[C@H](Br)C[C@H](C)OC2=O,CHEMBL1668414,nM,5500.0,Homo sapiens,IC50
B,COc1cc(O)c2c(c1)CCCCCC(=O)C[C@H](Br)C[C@H](C)OC2=O,CHEMBL1668415,nM,5800.0,Homo sapiens,IC50
B,COc1cc(O)c2c(c1)/C=C\CCCC(=O)C[C@H](Cl)C[C@H](C)OC2=O,CHEMBL1668416,nM,100000.0,Homo sapiens,IC50
B,COc1cc(O)c2c(c1)/C=C\CCCC(=O)C[C@H](Br)C[C@H](C)OC2=O,CHEMBL1668417,nM,65000.0,Homo sapiens,IC50
B,COc1cc(O)c2c(c1)/C=C/CCCC(=O)/C=C/C[C@H](C)OC2=O,CHEMBL1668418,nM,1400.0,Homo sapiens,IC50
B,COc1cc(O)c2c(c1)CCCCCC(=O)/C=C/C[C@H](C)OC2=O,CHEMBL1668419,nM,720.0,Homo sapiens,IC50
B,COc1cc(O)c2c(c1)/C=C\CCCC(=O)/C=C/C[C@H](C)OC2=O,CHEMBL1668420,nM,1600.0,Homo sapiens,IC50
B,COc1cc(O)c2c(c1)CCCCCC(=O)/C=C\C[C@H](C)OC2=O,CHEMBL1651523,nM,1200.0,Homo sapiens,IC50
B,CCNC(=O)Nc1ccc(Oc2ncnc(N)c2/C=N/OC)cc1Cl,CHEMBL1681932,nM,1100.0,Homo sapiens,IC50
B,CN1CCN(c2ccc(OC(F)(F)F)c(Nc3ncc4c(n3)-c3c(c(C(N)=O)nn3CCO)CC4)c2)CC1,CHEMBL1738758,nM,10000.0,Homo sapiens,IC50
B,CNC(=O)c1ncc(C#Cc2cc(C(=O)Nc3ccc(CN4CCN(CCO)CC4)c(C(F)(F)F)c3)ccc2C)n1C,CHEMBL1784637,nM,2.6,Homo sapiens,IC50
B,CN(C[C@@H]1COCCO1)S(=O)(=O)Nc1ccc2ccc3ncc(-c4cnn(C)c4)cc3c(=O)c2c1,CHEMBL1822792,nM,78.0,Homo sapiens,IC50
B,CCN1CCN(c2ccc(Nc3cc(N(C)C(=O)Nc4c(Cl)c(OC)cc(OC)c4Cl)ncn3)cc2)CC1.O=P(O)(O)O,CHEMBL1834657,nM,2072.0,Homo sapiens,IC50
B,CNc1nc2[nH]c(-c3cccc(CNC(=O)COC)n3)cc2c2c1ncn2C,CHEMBL1923983,nM,360.0,Homo sapiens,IC50
B,CN(C)CCN1CCN(C(=O)c2cc(C(C)(C)C)sc2NC(=O)Nc2cccc(Cl)c2Cl)CCC1=O,CHEMBL1929238,nM,30000.0,Homo sapiens,IC50
B,Cc1ccc(-n2nc(C(C)(C)C)cc2NC(=O)Nc2ccc(OCCN3CCOCC3)c3ccccc23)cc1,CHEMBL103667,nM,270.0,Homo sapiens,IC50
B,CN1CCN(c2ccc(OC(F)(F)F)c(Nc3nccc(-c4cc(C(N)=O)cn4C)n3)c2)CC1,CHEMBL1933576,nM,10000.0,Homo sapiens,IC50
B,CN1CCN(c2ccc(OC(F)(F)F)c(Nc3nccc(-c4cc5c(n4C)CCNC5=O)n3)c2)CC1,CHEMBL1933582,nM,10000.0,Homo sapiens,IC50
B,CN1CCC(COc2ccc3c(Nc4ccc(NC(=O)Nc5cccc(F)c5)cc4)ncnc3c2)CC1,CHEMBL1934327,nM,9.6,Homo sapiens,IC50
B,COc1cc2ncnc(Nc3cnn(CC(=O)Nc4cccc(F)c4)c3)c2cc1OC,CHEMBL1940103,nM,51.0,Homo sapiens,IC50
B,COc1cccc(NC(=O)Cn2cc(Nc3ncnc4cc(OC)c(OC)cc34)cn2)c1,CHEMBL1940104,nM,25.0,Homo sapiens,IC50
B,COc1cc2ncnc(Nc3cnn(CC(=O)Nc4ccc(N(C)C)cc4)c3)c2cc1OC,CHEMBL1940105,nM,101.0,Homo sapiens,IC50
B,COc1cc2ncnc(Nc3cnn(CC(=O)Nc4ccc(N(C)C)cn4)c3)c2cc1OC,CHEMBL1940106,nM,453.0,Homo sapiens,IC50
B,COc1cc2ncnc(Oc3cnn(CC(=O)Nc4ccc(N(C)C)cn4)c3)c2cc1OC,CHEMBL1940107,nM,39.0,Homo sapiens,IC50
B,COc1cccc(NC(=O)Cn2cc(Oc3ncnc4cc(OC)c(OC)cc34)cn2)c1,CHEMBL1940108,nM,0.4,Homo sapiens,IC50
B,COCCOc1cc2ncnc(Oc3cnn(CC(=O)Nc4cccc(OC)c4)c3)c2cc1OC,CHEMBL1940109,nM,0.2,Homo sapiens,IC50
B,COCCOc1cc2c(Oc3cnn(CC(=O)Nc4cccc(OC)c4)c3)ncnc2cc1OC,CHEMBL1940110,nM,5.0,Homo sapiens,IC50
B,COc1cccc(NC(=O)Cn2cc(Oc3ncnc4cc(OC)c(OCCN5CCCCC5)cc34)cn2)c1,CHEMBL1940111,nM,31.0,Homo sapiens,IC50
B,COc1cccc(NC(=O)Cn2cc(Oc3ncnc4cc(OCCN5CCCC5)c(OC)cc34)cn2)c1,CHEMBL1940112,nM,7.0,Homo sapiens,IC50
B,COc1cccc(NC(=O)Cn2cc(Oc3ncnc4cc(OC)cc(OC)c34)cn2)c1,CHEMBL1940113,nM,30.0,Homo sapiens,IC50
B,COc1cccc(NC(=O)Cn2cc(Oc3ccnc4cc(OC)c(C#N)cc34)cn2)c1,CHEMBL1940114,nM,282.0,Homo sapiens,IC50
B,COc1cccc(NC(=O)Cn2cc(Oc3ccnc4cc(OC)c(OC)cc34)cn2)c1,CHEMBL1940115,nM,57.0,Homo sapiens,IC50
B,CCn1cc(NC(=O)Cn2cc(Oc3ncnc4cc(OC)c(OC)cc34)cn2)cn1,CHEMBL1940116,nM,35.0,Homo sapiens,IC50
B,CCn1cc(NC(=O)Cc2cc(Oc3ccnc4cc(OC)c(OC)cc34)n[nH]2)cn1,CHEMBL1940117,nM,10000.0,Homo sapiens,IC50
B,COc1cc2ncnc(Oc3ccc(CC(=O)Nc4ccc(N(C)C)cn4)cc3)c2cc1OC,CHEMBL1940118,nM,22.0,Homo sapiens,IC50
B,COc1cccc(NC(=O)Cc2ccc(Oc3ncnc4cc(OC)c(OC)cc34)cc2)c1,CHEMBL1940259,nM,8.0,Homo sapiens,IC50
B,COc1cccc(NC(=O)Cc2ccc(Nc3ncnc4cc(OC)c(OC)cc34)cc2)c1,CHEMBL1940260,nM,175.0,Homo sapiens,IC50
B,COc1cccc(NC(=O)Cc2cccc(Oc3ncnc4cc(OC)c(OC)cc34)c2)c1,CHEMBL1940261,nM,1009.0,Homo sapiens,IC50
B,COc1cccc(NC(=O)NCc2ccc(Oc3ncnc4cc(OC)c(OC)cc34)cc2)c1,CHEMBL1940262,nM,177.0,Homo sapiens,IC50
B,COc1cccc(S(=O)(=O)NCc2ccc(Oc3ncnc4cc(OC)c(OC)cc34)cc2)c1,CHEMBL1940263,nM,10000.0,Homo sapiens,IC50
B,COc1cccc(C(=O)NCc2ccc(Oc3ncnc4cc(OC)c(OC)cc34)cc2)c1,CHEMBL1940264,nM,6144.0,Homo sapiens,IC50
B,COc1cccc(CNC(=O)c2ccc(Oc3ncnc4cc(OC)c(OC)cc34)cc2)c1,CHEMBL1940265,nM,3063.0,Homo sapiens,IC50
B,COc1cccc(CC(=O)Nc2ccc(Oc3ncnc4cc(OC)c(OC)cc34)cc2)c1,CHEMBL1940266,nM,209.0,Homo sapiens,IC50
B,COc1cccc(COc2ccc(Oc3ncnc4cc(OC)c(OC)cc34)cc2)c1,CHEMBL1940267,nM,128.0,Homo sapiens,IC50
B,CCc1cc(NC(=O)Cc2ccc(Oc3ncnc4cc(OC)c(OC)cc34)cc2)n[nH]1,CHEMBL1940268,nM,5.0,Homo sapiens,IC50
B,CCn1ccc(NC(=O)Cc2ccc(Oc3ncnc4cc(OC)c(OC)cc34)cc2)n1,CHEMBL1940269,nM,172.0,Homo sapiens,IC50
B,COc1cc2ncnc(Oc3ccc(CC(=O)Nc4cn[nH]c4)cc3)c2cc1OC,CHEMBL1940270,nM,10000.0,Homo sapiens,IC50
B,COc1cc2ncnc(Oc3ccc(CC(=O)Nc4cnn(C)c4)cc3)c2cc1OC,CHEMBL1940271,nM,667.0,Homo sapiens,IC50
B,CCn1cc(NC(=O)Cc2ccc(Oc3ncnc4cc(OC)c(OC)cc34)cc2)cn1,CHEMBL1940272,nM,29.0,Homo sapiens,IC50
B,CCn1cc(NC(=O)Cc2ccc(Oc3ccnc4cc(OC)c(OC)cc34)cc2)cn1,CHEMBL1940273,nM,12.0,Homo sapiens,IC50
B,COc1cc2ncnc(Oc3ccc(CC(=O)Nc4cnn(C(C)C)c4)cc3)c2cc1OC,CHEMBL1940274,nM,8.0,Homo sapiens,IC50
B,COc1cc2ncnc(Nc3ccc(CC(=O)Nc4cnn(C(C)C)c4)cc3)c2cc1OC,CHEMBL1940275,nM,485.0,Homo sapiens,IC50
B,CC(C)n1c2c(c3c1-c1ccccc1C3=O)C(=O)CCC2,CHEMBL1957190,nM,35000.0,Homo sapiens,IC50
B,O=c1oc2c(O)c(O)cc3c(=O)oc4c(O)c(O)cc1c4c23,CHEMBL6246,nM,1540.0,Homo sapiens,IC50
B,Cc1ccc(NC(=O)Nc2nnc(Sc3ncnc4cc(OCCCN5CCOCC5)ccc34)s2)cc1,CHEMBL2046883,nM,3700.0,Homo sapiens,IC50
B,COc1c(Nc2ncc(Cl)c(N[C@H]3[C@@H](C(N)=O)[C@@H]4C=C[C@H]3C4)n2)ccc2c1CC[C@@H](N1CCOCC1)CC2,CHEMBL2064666,nM,48.0,Homo sapiens,IC50
B,CCN1CCC(Nc2ccc3c(c2)C(=C(c2ccc(Cl)cc2)c2ncc[nH]2)C(=O)N3)CC1,CHEMBL2086760,nM,3.2,Homo sapiens,IC50
B,CC(C)Oc1cc(-n2cnc3ccc(N[C@@H](C)c4ccc(F)cn4)nc32)n[nH]1,CHEMBL2151321,nM,64.0,Homo sapiens,IC50
B,CNC(=O)c1cc(Oc2ccc(NC(=O)Nc3ccc(Cl)c(C(F)(F)F)c3)cc2)ccn1,CHEMBL1336,nM,16.0,Homo sapiens,IC50
B,Cc1cc(C(=O)Nc2cc(Oc3ccc4nc(NC(=O)C5CC5)cn4n3)ccc2C)n(C)n1,CHEMBL2180604,nM,1.1,Homo sapiens,IC50
B,CC1(C)CNc2cc(NC(=O)c3cccnc3NCc3ccncc3)ccc21,CHEMBL572881,nM,6.0,Homo sapiens,IC50
B,CNC(=O)c1cc(COc2nnc(Nc3ccc(Cl)cc3)c3ccoc23)ccn1,CHEMBL2079588,nM,4.0,Homo sapiens,IC50
B,Clc1ccc(Nc2nnc(Cc3ccncc3)c3ccccc23)cc1,CHEMBL101253,nM,195.0,Homo sapiens,IC50
B,CNC(=O)c1cccc2cc(Oc3ccnc4cc(OCC5(N)CC5)c(OC)cc34)ccc12.Cl,CHEMBL2180605,nM,10.0,Homo sapiens,IC50
B,COc1cc2nccc(Oc3ccc(NC(=O)NC4CC4)c(Cl)c3)c2cc1C(N)=O,CHEMBL1289601,nM,5.2,Homo sapiens,IC50
B,COc1cc2nccc(Oc3ccc(NC(=O)Nc4cc(C)on4)c(Cl)c3)c2cc1OC,CHEMBL1289494,nM,0.24,Homo sapiens,IC50
B,COc1cc2c(Oc3ccc(NC(=O)C4(C(=O)Nc5ccc(F)cc5)CC4)cc3F)ccnc2cc1OCCCN1CCOCC1,CHEMBL1230609,nM,2.8,Homo sapiens,IC50
B,COc1cc2c(Oc3ccc4[nH]c(C)cc4c3F)ncnc2cc1OCCCN1CCCC1,CHEMBL491473,nM,3.0,Homo sapiens,IC50
B,O=C(Nc1ccc(-c2ccnc(Nc3ccc(N4CCOCC4)cc3)n2)cc1)[C@H]1CCCN1,CHEMBL2208034,nM,554.5,Homo sapiens,IC50
B,O=C(NCCc1ccc(O)c(Br)c1)/C(Cc1cc(Br)c(O)c(Oc2ccc(CCNC(=O)/C(Cc3cc(Br)c(O)c(-c4cc(C/C(=N\O)C(=O)NCCc5ccc(O)c(Br)c5)cc(Br)c4O)c3)=N/O)cc2Br)c1)=N/O,CHEMBL2333163,nM,1600.0,Homo sapiens,IC50
B,O=C(NCCc1ccc(O)c(Br)c1)/C(Cc1cc(Br)c(O)c(-c2cc(C/C(=N/O)C(=O)NCCc3ccc(O)c(Br)c3)cc(Br)c2O)c1)=N\O,CHEMBL505637,nM,2800.0,Homo sapiens,IC50
B,O=C1N/C=C/c2ccc(c(Br)c2)Oc2cc(cc(Br)c2O)CCNC(=O)/C(=N/O)Cc2ccc(c(Br)c2)Oc2cc(cc(Br)c2O)C/C1=N\O,CHEMBL360190,nM,3200.0,Homo sapiens,IC50
B,Cc1cc(C)c(/C=C2\C(=O)Nc3ccccc32)[nH]1,CHEMBL276711,nM,500.0,Homo sapiens,IC50
B,NC(=O)C1=C(N)C(=O)C=C(Nc2ccccc2O)C1=O,CHEMBL2332119,nM,1.8,Homo sapiens,IC50
B,O=C(Nc1ccc(Nc2ccnc3[nH]c(=O)c4ccccc4c23)cc1)c1ccc(F)cc1C(F)(F)F,CHEMBL2380834,nM,867.0,Homo sapiens,IC50
B,O=C(Nc1ccc(Nc2ccnc3[nH]c(=O)c4ccccc4c23)cc1)c1ccccc1,CHEMBL2380845,nM,417.0,Homo sapiens,IC50
B,CCN(CC)CCNC(=O)c1c(C)[nH]c2c1CCC/C2=C1/C(=O)Nc2ccc(F)cc21,CHEMBL2180602,nM,1.3,Homo sapiens,IC50
B,CN(C)c1ccc(Oc2cc(O)cc(O)c2-c2cc(C(=O)NC3CCN(C4CCC5(CC4)OCCO5)CC3)no2)cc1,CHEMBL2443026,nM,10.0,Homo sapiens,IC50
B,CC(C)Nc1ccc(Oc2cc(O)cc(O)c2-c2cc(C(=O)NC3CCN(C)CC3)no2)cc1,CHEMBL2443139,nM,10.0,Homo sapiens,IC50
B,CN1CCC(NC(=O)c2cc(-c3c(O)cc(O)cc3Oc3ccc(N(C)C)cc3)on2)CC1,CHEMBL2443138,nM,10.0,Homo sapiens,IC50
B,CN1CCC(NC(=O)c2cc(-c3c(O)cc(O)cc3Oc3ccc([N+](=O)[O-])cc3)on2)CC1,CHEMBL2443044,nM,10.0,Homo sapiens,IC50
B,C[C@H](Nc1nc(Nc2cn(C)cn2)c2cc[nH]c2n1)c1ncc(F)cn1,CHEMBL3116050,nM,40.0,Homo sapiens,IC50
B,CC(C)(C)CNC(=O)CC1CNC(=O)c2cc(-c3ccsc3)cn21,CHEMBL3298400,nM,10000.0,Homo sapiens,IC50
B,CN1CCN(C[C@@H](NC(=O)C[C@H]2CNC(=O)c3cc(-c4cccc(Cl)c4)cn32)C2CCCCC2)CC1,CHEMBL3297762,nM,10000.0,Homo sapiens,IC50
B,CNc1cc2ccc(C#CCOc3ccc(CN4CCNCC4)c(C(F)(F)F)c3)cc2cn1,CHEMBL3355065,nM,30.0,Homo sapiens,IC50
B,O=C1/C(=C\c2ccc(O)c(O)c2)Oc2ccccc21,CHEMBL3361128,nM,5190.0,Homo sapiens,IC50
B,Nc1nc2c3c(F)cccc3nc(Cc3ccc4c(c3)OCO4)n2n1,CHEMBL3309990,nM,10000.0,Homo sapiens,IC50
B,Nc1ccc2c(c1)nc(Cc1ccc3c(c1)OCO3)n1nc(N)nc21,CHEMBL3309995,nM,10000.0,Homo sapiens,IC50
B,OCCCNc1ccc2c(c1)nc(-c1ccc3c(c1)OCO3)n1ncnc21,CHEMBL3309997,nM,10000.0,Homo sapiens,IC50
B,Nc1nc2c3ccc(NCCO)cc3nc(Cc3ccc4c(c3)OCO4)n2n1,CHEMBL3309998,nM,10000.0,Homo sapiens,IC50
B,CN1CCN(c2cc(F)c3c(c2)nc(Cc2ccc4c(c2)OCO4)n2nc(N)nc32)CC1,CHEMBL3310151,nM,10000.0,Homo sapiens,IC50
B,COc1cc(-c2nc(-c3c[nH]c4ccccc34)c[nH]c2=O)cc(OC)c1OC,CHEMBL3358966,nM,5000.0,Homo sapiens,IC50
B,O=C(Nc1nc2cccc(-c3ccc(CN4CCS(=O)(=O)CC4)cc3)n2n1)C1CC1,CHEMBL3301607,nM,274.0,Homo sapiens,IC50
B,CCS(=O)(=O)O.COC(=O)c1ccc2c(c1)NC(=O)/C2=C(\Nc1ccc(N(C)C(=O)CN2CCN(C)CC2)cc1)c1ccccc1,CHEMBL3039504,nM,13.0,Homo sapiens,IC50
B,[2H]C([2H])([2H])Oc1cc2nccc(Oc3ccc(NC(=O)Nc4cc(C)on4)c(Cl)c3)c2cc1OC([2H])([2H])[2H],CHEMBL3426917,nM,4.55,Homo sapiens,IC50
B,COc1cc2nccc(Oc3ccc(NC(=O)Nc4cc(C)on4)c(Cl)c3)c2cc1OC,CHEMBL1289494,nM,3.11,Homo sapiens,IC50
B,CO[C@H]1CC[C@H](N2C(=O)CNc3ncc(-c4ccc(C(C)(C)O)nc4)nc32)CC1,CHEMBL3586404,nM,651.0,Homo sapiens,IC50
B,CN(C)CCCNC(=O)c1csc2nc(-c3ccc(NC(=O)Nc4cc(C(C)(C)C)on4)cc3)cn12,CHEMBL3623375,nM,1188.0,Homo sapiens,IC50
B,O=C(Nc1ccc(Nc2ncnc3ccccc23)cc1)Nc1cccc(Br)c1,CHEMBL3628797,nM,47.0,Homo sapiens,IC50
B,O=C(Nc1ccc(Nc2ncnc3sccc23)cc1)Nc1cccc(Br)c1,CHEMBL3628798,nM,1980.0,Homo sapiens,IC50
B,O=C(Nc1ccc(Nc2ncnc3sc4c(c23)CCCC4)cc1)Nc1cccc(Br)c1,CHEMBL3628799,nM,420.0,Homo sapiens,IC50
B,COc1cc2ncnc(Oc3ccc(NC(=O)Nc4cccc(Br)c4)cc3)c2cc1OC,CHEMBL2018882,nM,9.0,Homo sapiens,IC50
B,O=C(Nc1ccc(Oc2ncnc3ccccc23)cc1)Nc1cccc(Br)c1,CHEMBL3628807,nM,7.0,Homo sapiens,IC50
B,O=C(Nc1ccc(Oc2ncnc3sccc23)cc1)Nc1cccc(Br)c1,CHEMBL3628808,nM,6.0,Homo sapiens,IC50
B,O=C(Nc1ccc(Oc2ncnc3sc4c(c23)CCCC4)cc1)Nc1cccc(Br)c1,CHEMBL3628811,nM,1020.0,Homo sapiens,IC50
B,O=C(O)C1CN(Cc2ccc(OCc3ccc(Cl)c(Cl)c3)cc2)C1,CHEMBL3741589,nM,10000.0,Homo sapiens,IC50
B,Cn1c(=O)c(S(=O)(=O)c2ccc(F)cc2F)cc2cnc(Nc3ccc4[nH]ccc4c3)nc21,CHEMBL3745885,nM,10000.0,Homo sapiens,IC50
B,CC(C)n1nc(-c2cc(C3CC3)on2)c2c(N)ncnc21,CHEMBL3753341,nM,72.0,Homo sapiens,IC50
B,Cn1ccnc1-c1cc2c(Oc3ccc(NC(=S)NC(=O)Cc4ccccc4)cc3F)ccnc2s1,CHEMBL3764474,nM,4.0,Homo sapiens,IC50
B,CC1=[N+](c2ccccc2)C(=O)C(C(=O)Nc2ccc(Oc3ccc4nc(NC(=O)C5CC5)cn4c3)c(F)c2)C=C1.Cl,CHEMBL3765306,nM,5.5,Homo sapiens,IC50
B,CN1CCN(c2ccc(-c3cnc4ccccc4c3)cc2NC(=O)c2c[nH]c(=O)cc2C(F)(F)F)CC1,CHEMBL3799275,nM,600.0,Homo sapiens,IC50
B,CN1CCN(c2ccc(C(=O)Nc3n[nH]c4ccc(Cc5cc(F)cc(F)c5)cc34)c(NC3CCOCC3)c2)CC1,CHEMBL1983268,nM,1000.0,Homo sapiens,IC50
B,CN1C(=O)COc2c1cnc1ccc(Sc3nnc4c(F)cc(-c5cnn(C)c5)cn34)cc21,CHEMBL3818247,nM,30000.0,Homo sapiens,IC50
B,CN[C@@H]1C[C@H]2O[C@@](C)([C@@H]1OC)n1c3ccccc3c3c4c(c5c6ccccc6n2c5c31)C(=O)NC4,CHEMBL388978,nM,0.9,Homo sapiens,IC50
B,CNC(=O)c1ccccc1Sc1ccc2c(CCc3ccccn3)n[nH]c2c1,CHEMBL3939307,nM,0.1,Homo sapiens,IC50
B,CCn1c(N)c(C(=O)NC)c(=O)c2ccc(C#CC(C)(C)O)nc21,CHEMBL3644860,nM,23.0,Homo sapiens,IC50
B,CCn1c(N)c(C(=O)NC)c(=O)c2ccc(C#CC3(O)CCCC3)nc21,CHEMBL3644861,nM,46.0,Homo sapiens,IC50
B,CCn1c(N)c(C(=O)NC)c(=O)c2ccc(C#CC(O)C3CC3)nc21,CHEMBL3644862,nM,37.0,Homo sapiens,IC50
B,CCn1c(N)c(C(=O)NC)c(=O)c2ccc(C#CC3(O)CCC3)nc21,CHEMBL3644863,nM,21.0,Homo sapiens,IC50
B,CNC(=O)c1c(N)n(CCOC)c2nc(C#CC(C)(O)COC)ccc2c1=O,CHEMBL3644864,nM,257.0,Homo sapiens,IC50
B,CCn1c(N)c(C(=O)NC)c(=O)c2ccc(C#CC(C)(O)c3cccc(OC)c3)nc21,CHEMBL3644865,nM,6.0,Homo sapiens,IC50
B,CNC(=O)c1c(N)n(C2CCOCC2)c2nc(C#CC(C)(O)COC)ccc2c1=O,CHEMBL3644866,nM,34.0,Homo sapiens,IC50
B,CNC(=O)c1c(N)n(CC2CCCO2)c2nc(C#CC(C)(C)O)ccc2c1=O,CHEMBL3644867,nM,40.0,Homo sapiens,IC50
B,CNC(=O)c1c(N)n(Cc2ccccn2)c2nc(C#CC(C)(O)COC)ccc2c1=O,CHEMBL3644868,nM,65.0,Homo sapiens,IC50
B,CCn1c(N)c(C(=O)NC)c(=O)c2ccc(C#CC(C)(O)CO)nc21,CHEMBL3644869,nM,43.0,Homo sapiens,IC50
B,CCn1c(N)c(C(=O)NC)c(=O)c2ccc(C#CC(C)(O)c3ccccc3)nc21,CHEMBL3644870,nM,14.0,Homo sapiens,IC50
B,CNC(=O)c1c(N)n(C2CCCCC2)c2nc(C#CC(C)(O)COC)ccc2c1=O,CHEMBL3644871,nM,5.0,Homo sapiens,IC50
B,CCn1c(N)c(C(=O)NC)c(=O)c2ccc(C#CC(C)(O)COC)nc21,CHEMBL3644872,nM,23.0,Homo sapiens,IC50
B,CCn1c(N)c(C(=O)NC)c(=O)c2ccc(C#CC(C)(O)c3ccsc3)nc21,CHEMBL3644873,nM,2.0,Homo sapiens,IC50
B,CCn1c(N)c(C(=O)NC)c(=O)c2ccc(C#CC(C)(O)c3ccsc3)nc21,CHEMBL3644873,nM,38.0,Homo sapiens,IC50
B,COc1cc(N2CCNCC2)ccc1Nc1ncc(C(F)(F)F)c(CCc2ccccc2CC(N)=O)n1,CHEMBL3689069,nM,275.0,Homo sapiens,IC50
B,COc1cc(C2CCNCC2)ccc1Nc1ncc(C(F)(F)F)c(CCc2ccccc2CC(N)=O)n1,CHEMBL3689070,nM,3685.0,Homo sapiens,IC50
B,COc1cc(C2CCN(C)CC2)ccc1Nc1ncc(C(F)(F)F)c(CCc2ccccc2CC(N)=O)n1,CHEMBL3689071,nM,538.0,Homo sapiens,IC50
B,COc1cc(C2CCNCC2)ccc1Nc1ncc(C(F)(F)F)c(CCc2cccc(C(N)=O)c2)n1,CHEMBL3689073,nM,5750.0,Homo sapiens,IC50
B,COc1cc(C2CCN(C)CC2)ccc1Nc1ncc(C(F)(F)F)c(CCc2cccc(C(N)=O)c2)n1,CHEMBL3689074,nM,10440.0,Homo sapiens,IC50
B,CCN1CCC(c2ccc(Nc3ncc(C(F)(F)F)c(Cc4ccccc4C(N)=O)n3)c(OC)c2)CC1,CHEMBL3689075,nM,13260.0,Homo sapiens,IC50
B,CCc1cc(C2CCNCC2)ccc1Nc1ncc(C(F)(F)F)c(CCc2ccccc2CC(N)=O)n1,CHEMBL3689076,nM,1176.0,Homo sapiens,IC50
B,CCc1cc(C2CCN(C)CC2)ccc1Nc1ncc(C(F)(F)F)c(CCc2ccccc2CC(N)=O)n1,CHEMBL3689077,nM,1010.0,Homo sapiens,IC50
B,NC(=O)Cc1ccccc1CCc1nc(Nc2ccc(C3CCNCC3)cc2OC(F)(F)F)ncc1C(F)(F)F,CHEMBL3689078,nM,66000.0,Homo sapiens,IC50
B,CN1CCC(c2ccc(Nc3ncc(C(F)(F)F)c(CCc4ccccc4CC(N)=O)n3)c(OC(F)(F)F)c2)CC1,CHEMBL3689079,nM,59763.0,Homo sapiens,IC50
B,Cc1cc(C2CCN(C)CC2)ccc1Nc1ncc(C(F)(F)F)c(CCc2ccccc2CC(N)=O)n1,CHEMBL3689080,nM,240.0,Homo sapiens,IC50
B,CN1CCC(c2ccc(Nc3ncc(C(F)(F)F)c(CCc4ccccc4CC(N)=O)n3)c(F)c2)CC1,CHEMBL3689081,nM,205.0,Homo sapiens,IC50
B,CCC(C(N)=O)c1ccccc1CCc1nc(Nc2ccc(C3CCNCC3)cc2)ncc1C(F)(F)F,CHEMBL3946227,nM,91.0,Homo sapiens,IC50
B,CC[C@@H](C(N)=O)c1ccccc1CCc1nc(Nc2ccc(C3CCNCC3)cc2)ncc1C(F)(F)F,CHEMBL4107713,nM,103.0,Homo sapiens,IC50
B,CC[C@H](C(N)=O)c1ccccc1CCc1nc(Nc2ccc(C3CCNCC3)cc2)ncc1C(F)(F)F,CHEMBL3918323,nM,75.0,Homo sapiens,IC50
B,NC(=O)C1(c2ccccc2CCc2nc(Nc3ccc(C4CCNCC4)cc3)ncc2C(F)(F)F)CC1,CHEMBL3909401,nM,10.0,Homo sapiens,IC50
B,CN1CCC(c2ccc(Nc3ncc(C(F)(F)F)c(CCc4ccccc4C4(C(N)=O)CC4)n3)cc2)CC1,CHEMBL3948670,nM,9.0,Homo sapiens,IC50
B,NC(=O)C1(c2ccccc2CCc2nc(Nc3ccc(C4CNC4)cc3)ncc2C(F)(F)F)CC1,CHEMBL3903877,nM,22.0,Homo sapiens,IC50
B,NC(=O)C1(c2ccccc2CCc2nc(Nc3ccc(C4CCNCC4)nc3)ncc2C(F)(F)F)CC1,CHEMBL3931458,nM,28.0,Homo sapiens,IC50
B,NC(=O)C1(c2ccccc2CCc2nc(Nc3cccnc3)ncc2Cl)CC1,CHEMBL3922174,nM,8.0,Homo sapiens,IC50
B,NC(=O)C1(c2ccccc2CCc2nc(Nc3ccc(C4CCNCC4)cc3)ncc2Cl)CC1,CHEMBL3917694,nM,10.0,Homo sapiens,IC50
B,CN1CCC(c2ccc(Nc3ncc(Cl)c(CCc4ccccc4C4(C(N)=O)CC4)n3)cc2)CC1,CHEMBL3893200,nM,10.0,Homo sapiens,IC50
B,NC(=O)C1(c2ccccc2CCc2nc(Nc3ccc(C(F)(F)F)nc3)ncc2Cl)CC1,CHEMBL3908745,nM,26.0,Homo sapiens,IC50
B,NC(=O)C1(c2ccccc2CCc2nc(Nc3ccc(C(F)(F)F)nc3)ncc2Cl)CC1,CHEMBL3908745,nM,92.0,Homo sapiens,IC50
B,NC(=O)C1(c2ccccc2CCc2nc(Nc3ncco3)ncc2Cl)CC1,CHEMBL3903244,nM,1302.0,Homo sapiens,IC50
B,NC(=O)C1(c2ccccc2CCc2nc(Nc3cncnc3)ncc2Cl)CC1,CHEMBL3970850,nM,39.0,Homo sapiens,IC50
B,Cn1cc(Nc2ncc(Cl)c(CCc3ccccc3C3(C(N)=O)CC3)n2)cn1,CHEMBL3918309,nM,4.0,Homo sapiens,IC50
B,NC(=O)C1(c2ccccc2CCc2nc(Nc3cnn(C4CNC4)c3)ncc2Cl)CC1,CHEMBL3963494,nM,6.0,Homo sapiens,IC50
B,NC(=O)C1(c2ccccc2CCc2nc(Nc3ccc(C4CCNCC4)nc3)ncc2Cl)CC1,CHEMBL3980022,nM,11.0,Homo sapiens,IC50
B,CN1CCC(c2ccc(Nc3ncc(Cl)c(CCc4ccccc4C4(C(N)=O)CC4)n3)cn2)CC1,CHEMBL3891581,nM,1.0,Homo sapiens,IC50
B,NC(=O)C1(c2ccccc2CCc2nc(Nc3cnn(C4CCNCC4)c3)ncc2Cl)CC1,CHEMBL3954050,nM,9.0,Homo sapiens,IC50
B,CN1CCC(n2cc(Nc3ncc(Cl)c(CCc4ccccc4C4(C(N)=O)CC4)n3)cn2)CC1,CHEMBL3982717,nM,3.0,Homo sapiens,IC50
B,NC(=O)C1(c2ccccc2CCc2nc(Nc3cn[nH]c3)ncc2Cl)CC1,CHEMBL3959306,nM,3.0,Homo sapiens,IC50
B,NC(=O)C1(c2ccccc2CCc2nc(Nc3cnn(C4CCNC4)c3)ncc2Cl)CC1,CHEMBL3893827,nM,7.0,Homo sapiens,IC50
B,CN1CCC(n2cc(Nc3ncc(Cl)c(CCc4ccccc4C4(C(N)=O)CC4)n3)cn2)C1,CHEMBL3970373,nM,7.0,Homo sapiens,IC50
B,NC(=O)C1(c2ccccc2CCc2nc(Nc3ccnnc3)ncc2Cl)CC1,CHEMBL3899188,nM,20.0,Homo sapiens,IC50
B,NC(=O)C1(c2ccccc2CCc2nc(Nc3ccccc3)ncc2Cl)CC1,CHEMBL3981765,nM,11.0,Homo sapiens,IC50
B,CC(NC(=O)OC(C)(C)C)c1ccc(Nc2ncc(Cl)c(CCc3ccccc3C3(C(N)=O)CC3)n2)cc1,CHEMBL3908239,nM,2.0,Homo sapiens,IC50
B,CC(N)c1ccc(Nc2ncc(Cl)c(CCc3ccccc3C3(C(N)=O)CC3)n2)cc1,CHEMBL3890328,nM,14.0,Homo sapiens,IC50
B,Cc1n[nH]cc1Nc1ncc(Cl)c(CCc2ccccc2C2(C(N)=O)CC2)n1,CHEMBL3918369,nM,7.0,Homo sapiens,IC50
B,Cc1nn(C)cc1Nc1ncc(Cl)c(CCc2ccccc2C2(C(N)=O)CC2)n1,CHEMBL3925575,nM,12.0,Homo sapiens,IC50
B,Cc1cc(Nc2ncc(Cl)c(CCc3ccccc3C3(C(N)=O)CC3)n2)n[nH]1,CHEMBL3937825,nM,47.0,Homo sapiens,IC50
B,Cn1ccc(Nc2ncc(Cl)c(CCc3ccccc3C3(C(N)=O)CC3)n2)n1,CHEMBL3912708,nM,268.0,Homo sapiens,IC50
B,NC(=O)C1(c2ccccc2CCc2nc(Nc3cnn(CC(F)(F)F)c3)ncc2Cl)CC1,CHEMBL3938170,nM,8.0,Homo sapiens,IC50
B,CC(C)n1cc(Nc2ncc(Cl)c(CCc3ccccc3C3(C(N)=O)CC3)n2)cn1,CHEMBL3911152,nM,4.0,Homo sapiens,IC50
B,[C-]#[N+]c1ccc(Nc2ncc(Cl)c(CCc3ccccc3C3(C(N)=O)CC3)n2)cn1,CHEMBL3948616,nM,48.0,Homo sapiens,IC50
B,CC(=O)c1ccc(Nc2ncc(Cl)c(CCc3ccccc3C3(C(N)=O)CC3)n2)cn1,CHEMBL3920100,nM,44.0,Homo sapiens,IC50
B,CC(N)c1ccc(Nc2ncc(Cl)c(CCc3ccccc3C3(C(N)=O)CC3)n2)cn1,CHEMBL3986325,nM,60.0,Homo sapiens,IC50
B,NC(=O)C1(c2ccccc2CCc2nc(Nc3cnn(CC(F)F)c3)ncc2Cl)CC1,CHEMBL3891977,nM,7.0,Homo sapiens,IC50
B,CC(C(N)=O)c1ccccc1CCc1nc(Nc2cn[nH]c2)ncc1Cl,CHEMBL3960972,nM,9.0,Homo sapiens,IC50
B,CC(C(N)=O)c1ccccc1CCc1nc(Nc2cnn(C)c2)ncc1Cl,CHEMBL3933224,nM,16.0,Homo sapiens,IC50
B,CC(C(N)=O)c1ccccc1CCc1nc(Nc2ccc(C3CCNCC3)nc2)ncc1Cl,CHEMBL3957259,nM,31.0,Homo sapiens,IC50
B,CC(C(N)=O)c1ccccc1CCc1nc(Nc2ccc(C3CCN(C)CC3)nc2)ncc1Cl,CHEMBL3892658,nM,32.0,Homo sapiens,IC50
B,CC(C(N)=O)c1ccccc1CCc1nc(Nc2cccnc2)ncc1Cl,CHEMBL3971001,nM,44.0,Homo sapiens,IC50
B,CC(C(N)=O)c1ccccc1CCc1nc(Nc2cncnc2)ncc1Cl,CHEMBL3981693,nM,160.0,Homo sapiens,IC50
B,Cc1ccc(Nc2ncc(Cl)c(CCc3ccccc3C(C)C(N)=O)n2)cn1,CHEMBL3915153,nM,45.0,Homo sapiens,IC50
B,CC(C(N)=O)c1ccccc1CCc1nc(Nc2ccnnc2)ncc1Cl,CHEMBL3976872,nM,154.0,Homo sapiens,IC50
B,CC(C(N)=O)c1ccccc1CCc1nc(Nc2cnn(C3CCNCC3)c2)ncc1Cl,CHEMBL3906184,nM,12.0,Homo sapiens,IC50
B,CC(C(N)=O)c1ccccc1CCc1nc(Nc2cnn(C3CCN(C)CC3)c2)ncc1Cl,CHEMBL3970712,nM,9.0,Homo sapiens,IC50
B,Cn1cc(Nc2ncc(Cl)c(CCc3ccccc3C(C)(C)C(N)=O)n2)cn1,CHEMBL3981577,nM,3.0,Homo sapiens,IC50
B,Cc1cnc(Nc2cn[nH]c2)nc1CCc1ccccc1C1(C(N)=O)CC1,CHEMBL3949389,nM,13.0,Homo sapiens,IC50
B,Cc1cnc(Nc2cnn(C)c2)nc1CCc1ccccc1C1(C(N)=O)CC1,CHEMBL3973562,nM,5.0,Homo sapiens,IC50
B,Cc1cnc(Nc2cnn(C3CCN(C)CC3)c2)nc1CCc1ccccc1C1(C(N)=O)CC1,CHEMBL3944075,nM,12.0,Homo sapiens,IC50
B,Cc1cnc(Nc2ccc(C3CCN(C)CC3)nc2)nc1CCc1ccccc1C1(C(N)=O)CC1,CHEMBL3926124,nM,23.0,Homo sapiens,IC50
B,Cc1cnc(Nc2ccc(C(C)N)cc2)nc1CCc1ccccc1C1(C(N)=O)CC1,CHEMBL3901596,nM,46.0,Homo sapiens,IC50
B,Cc1cnc(Nc2cnn(C)c2)nc1CCc1ccccc1C(C)C(N)=O,CHEMBL3986746,nM,15.0,Homo sapiens,IC50
B,Cc1cnc(Nc2cnn(C)c2)nc1CCc1ccccc1[C@@H](C)C(N)=O,CHEMBL4114236,nM,25.0,Homo sapiens,IC50
B,Cc1cnc(Nc2cnn(C)c2)nc1CCc1ccccc1[C@H](C)C(N)=O,CHEMBL3913700,nM,41.0,Homo sapiens,IC50
B,O=C(O)C1(c2ccccc2CCc2nc(Nc3ccc(C4CCNCC4)cc3)ncc2C(F)(F)F)CCC1,CHEMBL4113489,nM,23.0,Homo sapiens,IC50
B,NC(=O)C1(c2cccc(CCc3nc(Nc4cnn(C5CCNCC5)c4)ncc3C(F)(F)F)c2)CC1,CHEMBL3916024,nM,228.0,Homo sapiens,IC50
B,CC(C(N)=O)c1ccccc1CCc1nc(Nc2cn[nH]c2)ncc1C(F)(F)F,CHEMBL3946260,nM,17.0,Homo sapiens,IC50
B,CC(C(N)=O)c1ccccc1CCc1nc(Nc2cnn(C)c2)ncc1C(F)(F)F,CHEMBL3975577,nM,15.0,Homo sapiens,IC50
B,CC(C(N)=O)c1ccccc1CCc1nc(Nc2cnn(C3CCNCC3)c2)ncc1C(F)(F)F,CHEMBL3950340,nM,27.0,Homo sapiens,IC50
B,C[C@@H](C(N)=O)c1ccccc1CCc1nc(Nc2cnn(C3CCNCC3)c2)ncc1C(F)(F)F,CHEMBL4112177,nM,31.0,Homo sapiens,IC50
B,C[C@H](C(N)=O)c1ccccc1CCc1nc(Nc2cnn(C3CCNCC3)c2)ncc1C(F)(F)F,CHEMBL3892144,nM,93.0,Homo sapiens,IC50
B,CC(C(N)=O)c1ccccc1CCc1nc(Nc2cnn(C3CCN(C)CC3)c2)ncc1C(F)(F)F,CHEMBL3900906,nM,27.0,Homo sapiens,IC50
B,CC(=O)N1CCC(n2cc(Nc3ncc(C(F)(F)F)c(CCc4ccccc4C(C)C(N)=O)n3)cn2)CC1,CHEMBL3967214,nM,22.0,Homo sapiens,IC50
B,CCN1CCC(n2cc(Nc3ncc(C(F)(F)F)c(CCc4ccccc4C(C)C(N)=O)n3)cn2)CC1,CHEMBL3970470,nM,86.0,Homo sapiens,IC50
B,CC(C(N)=O)c1ccccc1CCc1nc(Nc2cnn(C3CCN(C(C)C)CC3)c2)ncc1C(F)(F)F,CHEMBL3938601,nM,89.0,Homo sapiens,IC50
B,COc1ccc(Nc2ncc(C(F)(F)F)c(CCc3ccccc3C(C)C(N)=O)n2)cn1,CHEMBL3968164,nM,118.0,Homo sapiens,IC50
B,CN(c1ccc(C2CCNCC2)nc1)c1ncc(C(F)(F)F)c(CCc2ccccc2C(N)C(N)=O)n1,CHEMBL3918715,nM,492.0,Homo sapiens,IC50
B,CC(C(N)=O)c1ccccc1CCc1nc(Nc2ccc(C3CCN(C)CC3)nc2)ncc1C(F)(F)F,CHEMBL3938508,nM,28.0,Homo sapiens,IC50
B,COc1ccc(Nc2ncc(C(F)(F)F)c(CCc3ccccc3C3(C(N)=O)CC3)n2)cn1,CHEMBL3963900,nM,8.0,Homo sapiens,IC50
B,Cn1cc(Nc2ncc(C(F)(F)F)c(CCc3ccccc3C3(C(N)=O)CC3)n2)cn1,CHEMBL3898744,nM,3.0,Homo sapiens,IC50
B,NC(=O)C1(c2ccccc2CCc2nc(Nc3cnn(C4CCNCC4)c3)ncc2C(F)(F)F)CC1,CHEMBL3907640,nM,7.0,Homo sapiens,IC50
B,CN1CCC(n2cc(Nc3ncc(C(F)(F)F)c(CCc4ccccc4C4(C(N)=O)CC4)n3)cn2)CC1,CHEMBL3928029,nM,7.0,Homo sapiens,IC50
B,CN1CCC(c2ccc(Nc3ncc(C(F)(F)F)c(CCc4ccccc4C4(C(N)=O)CC4)n3)cn2)CC1,CHEMBL3892145,nM,63.0,Homo sapiens,IC50
B,CC(NC(=O)OC(C)(C)C)c1ccc(Nc2ncc(C(F)(F)F)c(CCc3ccccc3C3(C(N)=O)CC3)n2)cc1,CHEMBL3983276,nM,64.0,Homo sapiens,IC50
B,CC(N)c1ccc(Nc2ncc(C(F)(F)F)c(CCc3ccccc3C3(C(N)=O)CC3)n2)cc1,CHEMBL3892486,nM,22.0,Homo sapiens,IC50
B,CC(=O)NC(C)c1ccc(Nc2ncc(C(F)(F)F)c(CCc3ccccc3C3(C(N)=O)CC3)n2)cc1,CHEMBL3913725,nM,10.0,Homo sapiens,IC50
B,NC(=O)C1(c2ccccc2CCc2nc(Nc3cnn(CCO)c3)ncc2Cl)CC1,CHEMBL3931510,nM,4.0,Homo sapiens,IC50
B,COCCn1cc(Nc2ncc(Cl)c(CCc3ccccc3C3(C(N)=O)CC3)n2)cn1,CHEMBL3894588,nM,3.0,Homo sapiens,IC50
B,CCC(C(N)=O)c1ccccc1CCc1nc(Nc2ccc(C3CCNCC3)cc2)ncc1C(F)(F)F,CHEMBL3946227,nM,173.0,Homo sapiens,IC50
B,CC[C@@H](C(N)=O)c1ccccc1CCc1nc(Nc2ccc(C3CCNCC3)cc2)ncc1C(F)(F)F,CHEMBL4107713,nM,329.0,Homo sapiens,IC50
B,CC[C@H](C(N)=O)c1ccccc1CCc1nc(Nc2ccc(C3CCNCC3)cc2)ncc1C(F)(F)F,CHEMBL3918323,nM,315.0,Homo sapiens,IC50
B,NC(=O)C1(c2ccccc2CCc2nc(Nc3ccc(C4CCNCC4)cc3)ncc2C(F)(F)F)CC1,CHEMBL3909401,nM,26.0,Homo sapiens,IC50
B,CN1CCC(c2ccc(Nc3ncc(C(F)(F)F)c(CCc4ccccc4C4(C(N)=O)CC4)n3)cc2)CC1,CHEMBL3948670,nM,27.0,Homo sapiens,IC50
B,NC(=O)C1(c2ccccc2CCc2nc(Nc3ccc(C4CNC4)cc3)ncc2C(F)(F)F)CC1,CHEMBL3903877,nM,38.0,Homo sapiens,IC50
B,NC(=O)C1(c2ccccc2CCc2nc(Nc3ccc(C4CCNCC4)nc3)ncc2C(F)(F)F)CC1,CHEMBL3931458,nM,51.0,Homo sapiens,IC50
B,NC(=O)C1(c2ccccc2CCc2nc(Nc3cccnc3)ncc2Cl)CC1,CHEMBL3922174,nM,17.0,Homo sapiens,IC50
B,NC(=O)C1(c2ccccc2CCc2nc(Nc3ccc(C4CCNCC4)cc3)ncc2Cl)CC1,CHEMBL3917694,nM,38.0,Homo sapiens,IC50
B,CN1CCC(c2ccc(Nc3ncc(Cl)c(CCc4ccccc4C4(C(N)=O)CC4)n3)cc2)CC1,CHEMBL3893200,nM,19.0,Homo sapiens,IC50
B,NC(=O)C1(c2ccccc2CCc2nc(Nc3ccc(C(F)(F)F)nc3)ncc2Cl)CC1,CHEMBL3908745,nM,75.0,Homo sapiens,IC50
B,NC(=O)C1(c2ccccc2CCc2nc(Nc3cncnc3)ncc2Cl)CC1,CHEMBL3970850,nM,267.0,Homo sapiens,IC50
B,Cn1cc(Nc2ncc(Cl)c(CCc3ccccc3C3(C(N)=O)CC3)n2)cn1,CHEMBL3918309,nM,9.0,Homo sapiens,IC50
B,NC(=O)C1(c2ccccc2CCc2nc(Nc3cnn(C4CNC4)c3)ncc2Cl)CC1,CHEMBL3963494,nM,30.0,Homo sapiens,IC50
B,NC(=O)C1(c2ccccc2CCc2nc(Nc3ccc(C4CCNCC4)nc3)ncc2Cl)CC1,CHEMBL3980022,nM,51.0,Homo sapiens,IC50
B,CN1CCC(c2ccc(Nc3ncc(Cl)c(CCc4ccccc4C4(C(N)=O)CC4)n3)cn2)CC1,CHEMBL3891581,nM,4.0,Homo sapiens,IC50
B,NC(=O)C1(c2ccccc2CCc2nc(Nc3cnn(C4CCNCC4)c3)ncc2Cl)CC1,CHEMBL3954050,nM,62.0,Homo sapiens,IC50
B,CN1CCC(n2cc(Nc3ncc(Cl)c(CCc4ccccc4C4(C(N)=O)CC4)n3)cn2)CC1,CHEMBL3982717,nM,5.0,Homo sapiens,IC50
B,NC(=O)C1(c2ccccc2CCc2nc(Nc3cn[nH]c3)ncc2Cl)CC1,CHEMBL3959306,nM,11.0,Homo sapiens,IC50
B,NC(=O)C1(c2ccccc2CCc2nc(Nc3cnn(C4CCNC4)c3)ncc2Cl)CC1,CHEMBL3893827,nM,38.0,Homo sapiens,IC50
B,CN1CCC(n2cc(Nc3ncc(Cl)c(CCc4ccccc4C4(C(N)=O)CC4)n3)cn2)C1,CHEMBL3970373,nM,14.0,Homo sapiens,IC50
B,CC(NC(=O)OC(C)(C)C)c1ccc(Nc2ncc(Cl)c(CCc3ccccc3C3(C(N)=O)CC3)n2)cc1,CHEMBL3908239,nM,25.0,Homo sapiens,IC50
B,CC(C(N)=O)c1ccccc1CCc1nc(Nc2cn[nH]c2)ncc1Cl,CHEMBL3960972,nM,64.0,Homo sapiens,IC50
B,CC(C(N)=O)c1ccccc1CCc1nc(Nc2cnn(C)c2)ncc1Cl,CHEMBL3933224,nM,76.0,Homo sapiens,IC50
B,CC(C(N)=O)c1ccccc1CCc1nc(Nc2cnn(C3CCN(C)CC3)c2)ncc1Cl,CHEMBL3970712,nM,52.0,Homo sapiens,IC50
B,Cn1cc(Nc2ncc(Cl)c(CCc3ccccc3C(C)(C)C(N)=O)n2)cn1,CHEMBL3981577,nM,23.0,Homo sapiens,IC50
B,Cc1cnc(Nc2cnn(C)c2)nc1CCc1ccccc1C(C)C(N)=O,CHEMBL3986746,nM,526.0,Homo sapiens,IC50
B,CC(C(N)=O)c1ccccc1CCc1nc(Nc2cnn(C3CCNCC3)c2)ncc1C(F)(F)F,CHEMBL3950340,nM,68.0,Homo sapiens,IC50
B,C[C@@H](C(N)=O)c1ccccc1CCc1nc(Nc2cnn(C3CCN(C)CC3)c2)ncc1C(F)(F)F,CHEMBL4110384,nM,38.0,Homo sapiens,IC50
B,C[C@H](C(N)=O)c1ccccc1CCc1nc(Nc2cnn(C3CCN(C)CC3)c2)ncc1C(F)(F)F,CHEMBL3895625,nM,19.0,Homo sapiens,IC50
B,COc1ccc(Nc2ncc(C(F)(F)F)c(CCc3ccccc3C3(C(N)=O)CC3)n2)cn1,CHEMBL3963900,nM,394.0,Homo sapiens,IC50
B,NC(=O)c1c(OCc2c(F)cc(Br)cc2F)nsc1NC(=O)NCCCCN1CCCC1,CHEMBL253969,nM,54.2,Homo sapiens,IC50
B,COC(=O)c1ccc2c(c1)NC(=O)/C2=C(\Nc1ccc(-n2cccc2CN(C)C)cc1)c1ccccc1,CHEMBL4069394,nM,9.6,Homo sapiens,IC50
B,COC(=O)c1ccc2c(c1)NC(=O)/C2=C(\Nc1ccc(N(C)C(=O)CN2CCN(C)CC2)cc1)c1ccccc1,CHEMBL502835,nM,3.0,Homo sapiens,IC50
B,CNC(=O)c1cccc2cc(Oc3ccnc4cc(OCC5(N)CC5)c(OC)cc34)ccc12,CHEMBL2220486,nM,10.0,Homo sapiens,IC50
B,CN1CCN(c2ccc3nc(-c4c(N)c5c(F)cccc5[nH]c4=O)[nH]c3c2)CC1,CHEMBL522892,nM,8.0,Homo sapiens,IC50
B,COc1cc(O)c2c(c1)CCC[C@H](O)[C@H](O)C(=O)CCC[C@H](C)OC2=O,CHEMBL4099337,nM,114.5,Homo sapiens,IC50
B,COc1cc(O)c2c(c1)CCC[C@H](O)[C@H](O)C(=O)/C=C\C[C@H](C)OC2=O,CHEMBL2012519,nM,1.13,Homo sapiens,IC50
B,Cc1cc(NC(=O)Nc2ccc(-c3ccnc4[nH]nc(C)c34)cc2)ccc1N1CCOCC1,CHEMBL4072731,nM,72.0,Homo sapiens,IC50
B,Cc1cccc(NC(=O)Nc2ccc(-c3ccnc4[nH]nc(C)c34)cc2)c1,CHEMBL4103605,nM,376.0,Homo sapiens,IC50
B,CN(C)C(=O)c1cc2cnc(Nc3ccc(NC(=O)CCCCCCC(=O)NO)cc3)nc2n1C1CCCC1,CHEMBL4063500,nM,43.0,Homo sapiens,IC50
B,CC(C)(C)c1cc(NC(=O)Nc2ccc(-n3nc(-c4ccc(OCCN5CCOCC5)cc4)c4c(N)ncnc43)cc2)no1,CHEMBL4101411,nM,141.0,Homo sapiens,IC50
B,COC(=O)c1ccc2c(c1)NC(=O)/C2=C(\Nc1ccc2[nH]c(C(=O)N3CCN(C)CC3)cc2c1)c1ccccc1,CHEMBL4165429,nM,18.2,Homo sapiens,IC50
B,COC(=O)c1ccc2c(c1)NC(=O)/C2=C(\Nc1ccc(N(C)C(=O)CN2CCN(C)CC2)cc1)c1ccccc1,CHEMBL502835,nM,3.2,Homo sapiens,IC50
B,C=CC(=O)Nc1ccc(-c2ccc(NC(=O)Nc3cccc(Cl)c3)cc2)cn1,CHEMBL4171543,nM,45.0,Homo sapiens,IC50
B,Nc1n[nH]c2cccc(-c3ccc(NC(=S)Nc4cc(Br)ccc4OC(F)(F)F)cc3)c12,CHEMBL4160854,nM,37.0,Homo sapiens,IC50
B,CN[C@@H]1C[C@H]2O[C@@](C)([C@@H]1OC)n1c3ccccc3c3c4c(c5c6ccccc6n2c5c31)C(=O)NC4,CHEMBL388978,nM,2.29,Homo sapiens,IC50
B,CN1CCN(Cc2ccc(NC(=O)c3n[nH]cc3Nc3ncnc4sccc34)cc2)CC1,CHEMBL4075720,nM,4.5,Homo sapiens,IC50
B,Cc1nc2c(c(Nc3c[nH]nc3C(=O)Nc3ccc(N4CCNCC4)cc3)n1)CCC2,CHEMBL4163870,nM,23.01,Homo sapiens,IC50
B,CN[C@@H]1C[C@H]2O[C@@](C)([C@@H]1OC)n1c3ccccc3c3c4c(c5c6ccccc6n2c5c31)C(=O)NC4,CHEMBL388978,nM,3.27,Homo sapiens,IC50
B,CCCNC(=O)c1cc(Oc2ccc(NC(=O)c3cc4cccnc4n(-c4ccc(F)cc4)c3=O)cc2)ccn1,CHEMBL4204920,nM,23.6,Homo sapiens,IC50
B,Cc1c2ccc(N(C)c3ccnc(Nc4ccc(C(=O)NCCCCCCC(=O)NO)cc4)n3)cc2nn1C,CHEMBL4212117,nM,113.0,Homo sapiens,IC50
B,Cc1c2ccc(N(C)c3ccnc(Nc4ccc(C(=O)Nc5ccccc5N)cc4)n3)cc2nn1C,CHEMBL4213341,nM,46.0,Homo sapiens,IC50
B,Cc1ccc(Nc2nccc(N(C)c3ccc4c(C)n(C)nc4c3)n2)cc1S(N)(=O)=O,CHEMBL477772,nM,46.0,Homo sapiens,IC50
B,CN[C@@H]1C[C@H]2O[C@@](C)([C@@H]1OC)n1c3ccccc3c3c4c(c5c6ccccc6n2c5c31)C(=O)NC4,CHEMBL388978,nM,3.8,Homo sapiens,IC50
B,O=C(Cc1cccc(OCCCN2CCNCC2)c1)Nc1nc(-c2ccncc2)cs1,CHEMBL4245507,nM,1000.0,Homo sapiens,IC50
B,CCn1cc(-c2ccc3c(c2)CCN3C(=O)Cc2cccc(OC(F)(F)F)c2)c2c(N)ncnc21,CHEMBL4281823,nM,20.0,Homo sapiens,IC50
B,COc1cc2c(Oc3ccc(NC(=O)c4cc5cccnc5n(-c5ccc(F)cc5)c4=O)cc3F)ccnc2cc1OCCCN1CCN(C)CC1,CHEMBL4279457,nM,183.1,Homo sapiens,IC50
B,CNC(=O)c1ccccc1Sc1ccc2c(/C=C/c3ccccn3)n[nH]c2c1,CHEMBL1289926,nM,0.1,Homo sapiens,IC50
B,COc1cc2nccc(Oc3ccc(NC(=O)C4(C(=O)Nc5ccc(F)cc5)CC4)cc3)c2cc1OC,CHEMBL2105717,nM,6.0,Homo sapiens,IC50
B,COC(=O)c1ccc2c(c1)NC(=O)/C2=C(\Nc1ccc(N(C)C(=O)CN2CCN(C)CC2)cc1)c1ccccc1,CHEMBL502835,nM,34.0,Homo sapiens,IC50
B,Cc1cnc(Nc2ccc(N3CCC(N(C)CCO)CC3)c(F)c2)nc1-c1cnn(C(C)C)c1,CHEMBL4447631,nM,8.0,Homo sapiens,IC50
B,CN[C@@H]1C[C@H]2O[C@@](C)([C@@H]1OC)n1c3ccccc3c3c4c(c5c6ccccc6n2c5c31)C(=O)NC4,CHEMBL388978,nM,2.69,Homo sapiens,IC50
B,COc1cccc(NC(=O)N2CCCc3cc(Nc4ncnc5cc(OC)c(OC)cc45)ccc32)c1,CHEMBL4539051,nM,14.2,Homo sapiens,IC50
B,COc1cc2ncnc(Nc3ccc4c(c3)CCCN4C(=O)Nc3cccc(Cl)c3)c2cc1OC,CHEMBL4589270,nM,7.8,Homo sapiens,IC50
B,COc1cc2ncnc(Nc3ccc4c(c3)CCCN4C(=O)Nc3ccc(C(C)=O)cc3)c2cc1OC,CHEMBL4548316,nM,17.3,Homo sapiens,IC50
B,COc1cc(O)c2c(c1)-c1cccc(c1)[C@@H](O)[C@H](O)[C@@H](N)/C=C\C[C@H](C)OC2=O,CHEMBL4471009,nM,10000.0,Homo sapiens,IC50
B,COc1cc(O)c2c(c1)-c1cccc(c1)[C@@H](O)[C@H](O)[C@H](O)/C=C\C[C@H](C)OC2=O,CHEMBL4520759,nM,10000.0,Homo sapiens,IC50
B,COc1cc(O)c2c(c1)-c1cccc(c1)CCC(=O)/C=C\C[C@H](C)OC2=O,CHEMBL4515000,nM,27.0,Homo sapiens,IC50
B,COc1cc(O)c2c(c1)-c1cccc(c1)[C@H](O)[C@@H](O)C(=O)CCC[C@H](C)OC2=O,CHEMBL4515912,nM,190.0,Homo sapiens,IC50
B,COc1cc(O)c2c(c1)-c1cccc(c1)[C@H](O)[C@@H](O)C(=O)/C=C\C[C@H](C)OC2=O,CHEMBL4452766,nM,9.2,Homo sapiens,IC50
B,COc1cc(O)c2c(c1)-c1cccc(c1)[C@@H](O)[C@H](O)C(=O)CCC[C@H](C)OC2=O,CHEMBL4517550,nM,10000.0,Homo sapiens,IC50
B,C=C1/C=C\C[C@H](C)OC(=O)c2c(O)cc(OC)cc2-c2cccc(c2)[C@@H](O)[C@@H]1O,CHEMBL4438318,nM,10000.0,Homo sapiens,IC50
B,COc1cc(O)c2c(c1)-c1cccc(c1)[C@@H](O)[C@H](O)C(=O)C/C=C/[C@H](C)OC2=O,CHEMBL4530473,nM,9.9,Homo sapiens,IC50
B,COc1cc(O)c2c(c1)-c1cccc(c1)[C@@H](O)[C@H](O)C(=O)/C=C\C[C@H](C)OC2=O,CHEMBL4453304,nM,1.1,Homo sapiens,IC50
B,COc1cc(O)c2c(c1)-c1cccc(c1)[C@H](O)[C@H](O)C(=O)CCC[C@H](C)OC2=O,CHEMBL4572320,nM,5300.0,Homo sapiens,IC50
B,COc1cc(O)c2c(c1)-c1cccc(c1)[C@H](O)[C@H](O)C(=O)/C=C\C[C@H](C)OC2=O,CHEMBL4533447,nM,23.0,Homo sapiens,IC50
B,COc1cc(O)c2c(c1)CCC[C@H](O)[C@H](O)C(=O)/C=C\C[C@H](C)OC2=O,CHEMBL2012519,nM,0.73,Homo sapiens,IC50
B,CC(C)(C)c1cc(NC(=O)Nc2ccc(-c3cn4c(n3)sc3cc(OCCN5CCOCC5)ccc34)cc2)no1,CHEMBL576982,nM,4900.0,Homo sapiens,IC50
B,CCn1c(N)c(C(=O)NC)c(=O)c2ccc(C#C[C@@](C)(O)COC)nc21,CHEMBL4303275,nM,1.2,Homo sapiens,IC50
B,COC[C@@H](C)Nc1cc(NC(=O)N2CCCc3cc(CN4CCCCOC4=O)c(C=O)nc32)ncc1C#N,CHEMBL4475216,nM,10000.0,Homo sapiens,IC50
B,CN(CCc1ccc(-c2ccccc2)cc1)Cc1cn(C)c2ccc(C(=O)Nc3ccc(F)cc3)cc12,CHEMBL4446681,nM,100000.0,Homo sapiens,IC50
B,COc1cc2ncnc3c2cc1OCCCCCN(C)Cc1ccc(Br)cc1N3,CHEMBL3109738,nM,11.0,Homo sapiens,IC50
B,O=C(CCCC(=O)N1C[C@@H](CCl)c2c1cc(O)c1ccccc21)N1C[C@@H](CCl)c2c1cc(O)c1ccccc21,CHEMBL4465918,nM,4200.0,Homo sapiens,IC50
B,C[C@@H]1CN(C(=O)CCCC(=O)N2C[C@@H](C)c3c2cc(O)c2ccccc32)c2cc(O)c3ccccc3c21,CHEMBL4473548,nM,10000.0,Homo sapiens,IC50
B,Cn1cc(-c2ccc(F)cc2)c(=O)c2c(Nc3ccc(Oc4ccnc(NC(=O)C5CC5)c4)c(F)c3)nccc21,CHEMBL4584949,nM,591.0,Homo sapiens,IC50
B,C[C@@H]1C[C@H]1C(=O)N1CCN(c2cnc(C#N)c(-c3cnn(C)c3)n2)C[C@H]1C,CHEMBL4634634,nM,100000.0,Homo sapiens,IC50
B,Cc1cc(C)c(-n2ccn3nc(-c4cccnc4)cc23)cc1NC(=O)c1cc(C#N)cc(S(F)(F)(F)(F)F)c1,CHEMBL3907057,M,0.44,Homo sapiens,IC50
